"uid","namedLocation","plotID","collectDate","identifiedDate","sampleID","subsampleID","scientificName","acceptedTaxonID","taxonRank","family","subfamily","tribe","subtribe","genus","subgenus","specificEpithet","infraspecificEpithet","identificationQualifier","identificationReferences","identificationProtocolVersion","scientificNameAuthorship","sexOrAge","individualCount","sampleCondition","archiveMedium","archiveFacilityID","deprecatedVialID","identifiedBy","laboratoryName","remarks"
"a0307715-6fe5-4570-8476-27055bd15a2b","BART_029.tickPlot.tck","BART_029","2018-06-11T18:03Z","2018-11-15T17:00Z","BART_029.20180611","BART_029.20180611.DERVAR.M","Dermacentor variabilis","DERVAR","species","Ixodidae",NA,NA,NA,"Dermacentor",NA,"variabilis",NA,NA,"Yunker, C. E., Keirans, J. E., Clifford, C. M., and E. R. Easton. 1986. Dermacentor ticks (Acari: Ixodoidea: Ixodidae) of the New World: a scanning electron microscope atlas. Proceedings of the Entomological Society of Washington, 88(4):609-627.","GSU_tickIdentification_SOP_2016-11-01.pdf","Say","Male",1,"OK","90% ethanol","USNMENT01482727",NA,"Arianna Gibbs","Georgia Southern University",NA
"3f8c6879-3be2-493d-bec7-2c48ef70080b","BLAN_012.tickPlot.tck","BLAN_012","2017-03-30T15:47Z","2018-01-30T17:00Z","BLAN_012.20170330","BLAN_012.20170330.IXOSCA.M","Ixodes scapularis","IXOSCA","species","Ixodidae",NA,NA,NA,"Ixodes",NA,"scapularis",NA,NA,"Cooley, R. A. and G. M. Kohls. 1945. The genus Ixodes in North America. National Institute of Health Bulletin, 184.","GSU_tickIdentification_SOP_2016-11-01.pdf","Say","Male",1,"OK","90% ethanol","USNMENT00984965","BLAN_012.20170330.IXOSCA.M","Lorenza Beati","Georgia Southern University","RNA"
"8cfc9022-a96e-42ed-87ee-7a55a4b78b19","BLAN_005.tickPlot.tck","BLAN_005","2017-04-18T18:14Z","2018-01-30T17:00Z","BLAN_005.20170418","BLAN_005.20170418.IXOSCA.N","Ixodes scapularis","IXOSCA","species","Ixodidae",NA,NA,NA,"Ixodes",NA,"scapularis",NA,NA,"Cooley, R. A. and G. M. Kohls. 1945. The genus Ixodes in North America. National Institute of Health Bulletin, 184.","GSU_tickIdentification_SOP_2016-11-01.pdf","Say","Nymph",1,"OK","90% ethanol","USNMENT00984979","BLAN_005.20170418.IXOSCA.N","Lorenza Beati","Georgia Southern University","RNA"
"5e8e6ef5-1102-42fd-81fa-87d9b7f8ff2b","BLAN_012.tickPlot.tck","BLAN_012","2017-04-18T19:34Z","2018-01-30T17:00Z","BLAN_012.20170418","BLAN_012.20170418.DERVAR.M","Dermacentor variabilis","DERVAR","species","Ixodidae",NA,NA,NA,"Dermacentor",NA,"variabilis",NA,NA,"Yunker, C. E., Keirans, J. E., Clifford, C. M., and E. R. Easton. 1986. Dermacentor ticks (Acari: Ixodoidea: Ixodidae) of the New World: a scanning electron microscope atlas. Proceedings of the Entomological Society of Washington, 88(4):609-627.","GSU_tickIdentification_SOP_2016-11-01.pdf","Say","Male",1,"OK","90% ethanol","USNMENT01430098","BLAN_012.20170418.DERVAR.M","Lorenza Beati","Georgia Southern University","RNA"
"0e1a8090-711b-4b0a-9231-457646bb0249","BLAN_015.tickPlot.tck","BLAN_015","2017-05-08T18:10Z","2018-01-02T17:00Z","BLAN_015.20170508","BLAN_015.20170508.IXOSCA.N","Ixodes scapularis","IXOSCA","species","Ixodidae",NA,NA,NA,"Ixodes",NA,"scapularis",NA,NA,"Cooley, R. A. and G. M. Kohls. 1945. The genus Ixodes in North America. National Institute of Health Bulletin, 184.","GSU_tickIdentification_SOP_2016-11-01.pdf","Say","Nymph",1,"OK","90% ethanol","USNMENT01358419","BLAN_015.20170508.IXOSCA.N","Lorenza Beati","Georgia Southern University",NA
"710f72c0-bc38-43b1-9363-9f526eaa130d","BLAN_015.tickPlot.tck","BLAN_015","2017-05-08T18:10Z","2018-01-02T17:00Z","BLAN_015.20170508","BLAN_015.20170508.AMBAME.F","Amblyomma americanum","AMBAME","species","Ixodidae",NA,NA,NA,"Amblyomma",NA,"americanum",NA,NA,"Cooley, R. A. and G. M. Kohls. 1944. The genus Amblyomma (ixodidae) in the United States. The Journal of Parasitology, 30(2):77-111.","GSU_tickIdentification_SOP_2016-11-01.pdf","Linnaeus","Female",1,"OK","90% ethanol","USNMENT01358418","BLAN_015.20170508.AMBAME.F","Lorenza Beati","Georgia Southern University",NA
"d4f72c02-90d7-4b82-aa7d-32943344d729","BLAN_005.tickPlot.tck","BLAN_005","2017-05-08T19:12Z","2018-01-30T17:00Z","BLAN_005.20170508","BLAN_005.20170508.IXOSCA.N","Ixodes scapularis","IXOSCA","species","Ixodidae",NA,NA,NA,"Ixodes",NA,"scapularis",NA,NA,"Cooley, R. A. and G. M. Kohls. 1945. The genus Ixodes in North America. National Institute of Health Bulletin, 184.","GSU_tickIdentification_SOP_2016-11-01.pdf","Say","Nymph",25,"OK","90% ethanol","USNMENT01358410","BLAN_005.20170508.IXOSCA.N","Lorenza Beati","Georgia Southern University",NA
"ebc295f0-4e50-4033-8973-4294594684c7","BLAN_012.tickPlot.tck","BLAN_012","2017-06-01T15:25Z","2018-01-30T17:00Z","BLAN_012.20170601","BLAN_012.20170601.IXOSCA.N","Ixodes scapularis","IXOSCA","species","Ixodidae",NA,NA,NA,"Ixodes",NA,"scapularis",NA,NA,"Cooley, R. A. and G. M. Kohls. 1945. The genus Ixodes in North America. National Institute of Health Bulletin, 184.","GSU_tickIdentification_SOP_2016-11-01.pdf","Say","Nymph",2,"OK","90% ethanol","USNMENT01358415","BLAN_012.20170601.IXOSCA.N","Lorenza Beati","Georgia Southern University",""
"8f4e2bfd-0fa8-4b76-8618-1ccbfc4c7ae0","BLAN_015.tickPlot.tck","BLAN_015","2017-06-01T16:49Z","2018-01-02T17:00Z","BLAN_015.20170601","BLAN_015.20170601.IXOSCA.N","Ixodes scapularis","IXOSCA","species","Ixodidae",NA,NA,NA,"Ixodes",NA,"scapularis",NA,NA,"Cooley, R. A. and G. M. Kohls. 1945. The genus Ixodes in North America. National Institute of Health Bulletin, 184.","GSU_tickIdentification_SOP_2016-11-01.pdf","Say","Nymph",1,"OK","90% ethanol","USNMENT01358420","BLAN_015.20170601.IXOSCA.N","Lorenza Beati","Georgia Southern University",""
"766813f3-aa33-4d30-a741-9cc5e9a5cb56","BLAN_005.tickPlot.tck","BLAN_005","2017-06-01T17:59Z","2018-01-30T17:00Z","BLAN_005.20170601","BLAN_005.20170601.IXOSCA.N","Ixodes scapularis","IXOSCA","species","Ixodidae",NA,NA,NA,"Ixodes",NA,"scapularis",NA,NA,"Cooley, R. A. and G. M. Kohls. 1945. The genus Ixodes in North America. National Institute of Health Bulletin, 184.","GSU_tickIdentification_SOP_2016-11-01.pdf","Say","Nymph",37,"OK","90% ethanol","USNMENT01358411","BLAN_005.20170601.IXOSCA.N","Lorenza Beati","Georgia Southern University",""
"e3d2167c-4391-4643-a3ae-2914d367ae56","BLAN_005.tickPlot.tck","BLAN_005","2017-06-01T17:59Z","2018-01-30T17:00Z","BLAN_005.20170601","BLAN_005.20170601.AMBAME.N","Amblyomma americanum","AMBAME","species","Ixodidae",NA,NA,NA,"Amblyomma",NA,"americanum",NA,NA,"Cooley, R. A. and G. M. Kohls. 1944. The genus Amblyomma (ixodidae) in the United States. The Journal of Parasitology, 30(2):77-111.","GSU_tickIdentification_SOP_2016-11-01.pdf","Linnaeus","Nymph",1,"OK","90% ethanol","USNMENT01358412","BLAN_005.20170601.AMBAME.N","Lorenza Beati","Georgia Southern University",""
"29e139f2-5fef-4bea-b4b1-3bce2f4eea84","BLAN_005.tickPlot.tck","BLAN_005","2017-06-19T14:51Z","2018-09-15T17:00Z","BLAN_005.20170619","BLAN_005.20170619.HAELON.N","Haemaphysalis longicornis","HAELON","species","Ixodidae",NA,NA,NA,"Haemaphysalis",NA,"longicornis",NA,NA,"","GSU_tickIdentification_SOP_2016-11-01.pdf","","Nymph",2,"OK","90% ethanol","USNMENT01358414","BLAN_005.20170619.HAELEP.N","Lorenza Beati","Georgia Southern University","pretty"
"3be0115a-2b38-4e6a-9568-5e09221d5f4b","BLAN_005.tickPlot.tck","BLAN_005","2017-06-19T14:51Z","2018-01-30T17:00Z","BLAN_005.20170619","BLAN_005.20170619.IXOSCA.N","Ixodes scapularis","IXOSCA","species","Ixodidae",NA,NA,NA,"Ixodes",NA,"scapularis",NA,NA,"Cooley, R. A. and G. M. Kohls. 1945. The genus Ixodes in North America. National Institute of Health Bulletin, 184.","GSU_tickIdentification_SOP_2016-11-01.pdf","Say","Nymph",13,"OK","90% ethanol","USNMENT01358413","BLAN_005.20170619.IXOSCA.N","Lorenza Beati","Georgia Southern University",""
"a2e5ce3a-806a-4d24-a251-92f874469b33","BLAN_012.tickPlot.tck","BLAN_012","2017-06-20T19:53Z","2018-01-02T17:00Z","BLAN_012.20170620","BLAN_012.20170620.DERVAR.F","Dermacentor variabilis","DERVAR","species","Ixodidae",NA,NA,NA,"Dermacentor",NA,"variabilis",NA,NA,"Yunker, C. E., Keirans, J. E., Clifford, C. M., and E. R. Easton. 1986. Dermacentor ticks (Acari: Ixodoidea: Ixodidae) of the New World: a scanning electron microscope atlas. Proceedings of the Entomological Society of Washington, 88(4):609-627.","GSU_tickIdentification_SOP_2016-11-01.pdf","Say","Female",1,"OK","90% ethanol","USNMENT01358416","BLAN_012.20170620.DERVAR.F","Lorenza Beati","Georgia Southern University",""
"61af8a73-f33d-40a8-b4bf-833f4cb01752","BLAN_012.tickPlot.tck","BLAN_012","2017-06-20T19:53Z","2018-01-02T17:00Z","BLAN_012.20170620","BLAN_012.20170620.IXOSCA.N","Ixodes scapularis","IXOSCA","species","Ixodidae",NA,NA,NA,"Ixodes",NA,"scapularis",NA,NA,"Cooley, R. A. and G. M. Kohls. 1945. The genus Ixodes in North America. National Institute of Health Bulletin, 184.","GSU_tickIdentification_SOP_2016-11-01.pdf","Say","Nymph",2,"OK","90% ethanol","USNMENT01358417","BLAN_012.20170620.IXOSCA.N","Lorenza Beati","Georgia Southern University",""
"06966602-1877-465b-8815-9621c0db01f5","BLAN_015.tickPlot.tck","BLAN_015","2017-06-20T20:59Z","2018-01-02T17:00Z","BLAN_015.20170620","BLAN_015.20170620.IXOSCA.N","Ixodes scapularis","IXOSCA","species","Ixodidae",NA,NA,NA,"Ixodes",NA,"scapularis",NA,NA,"Cooley, R. A. and G. M. Kohls. 1945. The genus Ixodes in North America. National Institute of Health Bulletin, 184.","GSU_tickIdentification_SOP_2016-11-01.pdf","Say","Nymph",2,"OK","90% ethanol","USNMENT01358421","BLAN_015.20170620.IXOSCA.N","Lorenza Beati","Georgia Southern University",""
"61d5791b-d4ab-4eb1-830c-c5db6169ca34","BLAN_012.tickPlot.tck","BLAN_012","2017-07-10T15:49Z","2017-09-30T16:00Z","BLAN_012.20170710","BLAN_012.20170710.IXOSP.L","Ixodidae sp.","IXOSP","family","Ixodidae",NA,NA,NA,"",NA,"sp.",NA,NA,"","GSU_tickIdentification_SOP_2016-11-01.pdf","","Larva",1,"OK","90% ethanol","USNMENT01358731","BLAN_012.20170710.L","Guy Hobbs","Georgia Southern University",NA
"44cfb053-0a3d-42fb-833c-53295f3ca355","BLAN_012.tickPlot.tck","BLAN_012","2017-07-10T15:49Z","2018-01-30T17:00Z","BLAN_012.20170710","BLAN_012.20170710.IXOSCA.N","Ixodes scapularis","IXOSCA","species","Ixodidae",NA,NA,NA,"Ixodes",NA,"scapularis",NA,NA,"Cooley, R. A. and G. M. Kohls. 1945. The genus Ixodes in North America. National Institute of Health Bulletin, 184.","GSU_tickIdentification_SOP_2016-11-01.pdf","Say","Nymph",2,"OK","90% ethanol","USNMENT01358732","BLAN_012.20170710.IXOSCA.N","Lorenza Beati","Georgia Southern University",NA
"23a090e6-f38f-447f-b05f-6673db640b8c","BLAN_015.tickPlot.tck","BLAN_015","2017-07-10T17:19Z","2017-09-30T16:00Z","BLAN_015.20170710","BLAN_015.20170710.IXOSP.L","Ixodidae sp.","IXOSP","family","Ixodidae",NA,NA,NA,"",NA,"sp.",NA,NA,"","GSU_tickIdentification_SOP_2016-11-01.pdf","","Larva",1,"OK","90% ethanol","USNMENT01358730","BLAN_015.20170710.L","Guy Hobbs","Georgia Southern University",NA
"a53c9e8c-1e59-4a7a-8035-dd7845e5510f","BLAN_005.tickPlot.tck","BLAN_005","2017-07-10T18:11Z","2017-09-30T16:00Z","BLAN_005.20170710","BLAN_005.20170710.IXOSP.L","Ixodidae sp.","IXOSP","family","Ixodidae",NA,NA,NA,"",NA,"sp.",NA,NA,"","GSU_tickIdentification_SOP_2016-11-01.pdf","","Larva",1,"OK","90% ethanol","USNMENT01358733","BLAN_005.20170710.L","Guy Hobbs","Georgia Southern University",NA
"173b18e4-0fce-4245-9593-4567b49e8db7","BLAN_005.tickPlot.tck","BLAN_005","2017-07-10T18:11Z","2018-01-30T17:00Z","BLAN_005.20170710","BLAN_005.20170710.IXOSCA.N","Ixodes scapularis","IXOSCA","species","Ixodidae",NA,NA,NA,"Ixodes",NA,"scapularis",NA,NA,"Cooley, R. A. and G. M. Kohls. 1945. The genus Ixodes in North America. National Institute of Health Bulletin, 184.","GSU_tickIdentification_SOP_2016-11-01.pdf","Say","Nymph",4,"OK","90% ethanol","USNMENT01358734","BLAN_005.20170710.IXOSCA.N","Lorenza Beati","Georgia Southern University",NA
"c7e81e5c-2365-47e8-a578-786aa519c0af","BLAN_005.tickPlot.tck","BLAN_005","2017-07-31T15:31Z","2017-10-13T16:00Z","BLAN_005.20170731","BLAN_005.20170731.IXOSP.L","Ixodidae sp.","IXOSP","family","Ixodidae",NA,NA,NA,"",NA,"sp.",NA,NA,"","GSU_tickIdentification_SOP_2016-11-01.pdf","","Larva",1,"OK","90% ethanol","USNMENT01358791","BLAN_005.20170731.L","Guy Hobbs","Georgia Southern University",NA
"9f07d326-9cf7-4bfc-9be2-ab50458574ce","BLAN_005.tickPlot.tck","BLAN_005","2017-07-31T15:31Z","2018-01-13T17:00Z","BLAN_005.20170731","BLAN_005.20170731.AMBAME.N","Amblyomma americanum","AMBAME","species","Ixodidae",NA,NA,NA,"Amblyomma",NA,"americanum",NA,NA,"Cooley, R. A. and G. M. Kohls. 1944. The genus Amblyomma (ixodidae) in the United States. The Journal of Parasitology, 30(2):77-111.","GSU_tickIdentification_SOP_2016-11-01.pdf","Linnaeus","Nymph",3,"OK","90% ethanol","USNMENT01358793","BLAN_005.20170731.AMBAME.N","Lorenza Beati","Georgia Southern University",NA
"3e04297a-aea5-4a56-b58f-1ca98b113f3f","BLAN_005.tickPlot.tck","BLAN_005","2017-07-31T15:31Z","2018-01-13T17:00Z","BLAN_005.20170731","BLAN_005.20170731.IXOSCA.N","Ixodes scapularis","IXOSCA","species","Ixodidae",NA,NA,NA,"Ixodes",NA,"scapularis",NA,NA,"Cooley, R. A. and G. M. Kohls. 1945. The genus Ixodes in North America. National Institute of Health Bulletin, 184.","GSU_tickIdentification_SOP_2016-11-01.pdf","Say","Nymph",10,"OK","90% ethanol","USNMENT01358792","BLAN_005.20170731.IXOSCA.N","Lorenza Beati","Georgia Southern University",NA
"050b302b-6ce9-4dd1-8ed1-eeb326b091ab","BLAN_012.tickPlot.tck","BLAN_012","2017-08-01T15:22Z","2018-01-13T17:00Z","BLAN_012.20170801","BLAN_012.20170801.DERVAR.M","Dermacentor variabilis","DERVAR","species","Ixodidae",NA,NA,NA,"Dermacentor",NA,"variabilis",NA,NA,"Yunker, C. E., Keirans, J. E., Clifford, C. M., and E. R. Easton. 1986. Dermacentor ticks (Acari: Ixodoidea: Ixodidae) of the New World: a scanning electron microscope atlas. Proceedings of the Entomological Society of Washington, 88(4):609-627.","GSU_tickIdentification_SOP_2016-11-01.pdf","Say","Male",1,"OK","90% ethanol","USNMENT01358789","BLAN_012.20170801.DERVAR.M","Lorenza Beati","Georgia Southern University",NA
"71f082a5-6689-4af6-b745-d70fb8b94ee2","BLAN_012.tickPlot.tck","BLAN_012","2017-08-01T15:22Z","2017-10-13T16:00Z","BLAN_012.20170801","BLAN_012.20170801.IXOSP.L","Ixodidae sp.","IXOSP","family","Ixodidae",NA,NA,NA,"",NA,"sp.",NA,NA,"","GSU_tickIdentification_SOP_2016-11-01.pdf","","Larva",1,"OK","90% ethanol","USNMENT01358790","BLAN_012.20170801.L","Guy Hobbs","Georgia Southern University",NA
"53284406-17a1-404a-9f71-1ea4d4c9de36","BLAN_015.tickPlot.tck","BLAN_015","2017-08-01T16:38Z","2017-10-13T16:00Z","BLAN_015.20170801","BLAN_015.20170801.IXOSP.L","Ixodidae sp.","IXOSP","family","Ixodidae",NA,NA,NA,"",NA,"sp.",NA,NA,"","GSU_tickIdentification_SOP_2016-11-01.pdf","","Larva",1,"OK","90% ethanol","USNMENT01358787","BLAN_015.20170801.L","Guy Hobbs","Georgia Southern University",NA
"36d2c45b-2ab6-4410-a9b2-4ae5f042a2f7","BLAN_015.tickPlot.tck","BLAN_015","2017-08-01T16:38Z","2018-01-13T17:00Z","BLAN_015.20170801","BLAN_015.20170801.DERVAR.M","Dermacentor variabilis","DERVAR","species","Ixodidae",NA,NA,NA,"Dermacentor",NA,"variabilis",NA,NA,"Yunker, C. E., Keirans, J. E., Clifford, C. M., and E. R. Easton. 1986. Dermacentor ticks (Acari: Ixodoidea: Ixodidae) of the New World: a scanning electron microscope atlas. Proceedings of the Entomological Society of Washington, 88(4):609-627.","GSU_tickIdentification_SOP_2016-11-01.pdf","Say","Male",1,"OK","90% ethanol","USNMENT01358788","BLAN_015.20170801.DERVAR.M","Lorenza Beati","Georgia Southern University",NA
"3189cd02-877b-46f4-ace5-9458931baa1e","BLAN_005.tickPlot.tck","BLAN_005","2017-08-21T15:57Z","2017-10-01T16:00Z","BLAN_005.20170821","BLAN_005.20170821.IXOSP.L","Ixodidae sp.","IXOSP","family","Ixodidae",NA,NA,NA,"",NA,"sp.",NA,NA,"","GSU_tickIdentification_SOP_2016-11-01.pdf","","Larva",1,"OK","90% ethanol","USNMENT01358750","BLAN_005.20170821.L","Guy Hobbs","Georgia Southern University",NA
"32227d71-56f5-4411-94f5-6c4b7431c66d","BLAN_012.tickPlot.tck","BLAN_012","2017-08-22T16:57Z","2017-10-01T16:00Z","BLAN_012.20170822","BLAN_012.20170822.IXOSP.L","Ixodidae sp.","IXOSP","family","Ixodidae",NA,NA,NA,"",NA,"sp.",NA,NA,"","GSU_tickIdentification_SOP_2016-11-01.pdf","","Larva",1,"OK","90% ethanol","USNMENT01358749","BLAN_012.20170822.L","Guy Hobbs","Georgia Southern University",NA
"da5387f4-12f0-4439-a0a5-0f329dc2ff8b","BLAN_015.tickPlot.tck","BLAN_015","2017-08-22T18:09Z","2017-10-01T16:00Z","BLAN_015.20170822","BLAN_015.20170822.IXOSP.L","Ixodidae sp.","IXOSP","family","Ixodidae",NA,NA,NA,"",NA,"sp.",NA,NA,"","GSU_tickIdentification_SOP_2016-11-01.pdf","","Larva",1,"OK","90% ethanol","USNMENT01358748","BLAN_015.20170822.L","Guy Hobbs","Georgia Southern University",NA
"afbec847-6680-45d6-875c-67d5e7fe0559","BLAN_012.tickPlot.tck","BLAN_012","2017-09-08T17:02Z","2018-01-28T17:00Z","BLAN_012.20170908","BLAN_012.20170908.IXOSCA.N","Ixodes scapularis","IXOSCA","species","Ixodidae",NA,NA,NA,"Ixodes",NA,"scapularis",NA,NA,"Cooley, R. A. and G. M. Kohls. 1945. The genus Ixodes in North America. National Institute of Health Bulletin, 184.","GSU_tickIdentification_SOP_2016-11-01.pdf","Say","Nymph",2,"OK","90% ethanol","USNMENT01430051","BLAN_012.20170908.IXOSCA.N","Lorenza Beati","Georgia Southern University",""
"f9253add-e505-45ef-8b66-627dd9a92262","BLAN_012.tickPlot.tck","BLAN_012","2017-09-08T17:02Z","2017-11-28T17:00Z","BLAN_012.20170908","BLAN_012.20170908.IXOSP.L","Ixodidae sp.","IXOSP","family","Ixodidae",NA,NA,NA,"",NA,"sp.",NA,NA,"","GSU_tickIdentification_SOP_2016-11-01.pdf","","Larva",1,"OK","90% ethanol","USNMENT01430052","BLAN_012.20170908.L","Arianna Gibbs","Georgia Southern University",""
"b5a65a79-dea3-484b-9845-045c8bb8070c","BLAN_015.tickPlot.tck","BLAN_015","2017-09-08T18:10Z","2017-11-28T17:00Z","BLAN_015.20170908","BLAN_015.20170908.IXOSP.L","Ixodidae sp.","IXOSP","family","Ixodidae",NA,NA,NA,"",NA,"sp.",NA,NA,"","GSU_tickIdentification_SOP_2016-11-01.pdf","","Larva",1,"OK","90% ethanol","USNMENT01430050","BLAN_015.20170908.L","Arianna Gibbs","Georgia Southern University",""
"013b8fc8-09c7-4619-8cf6-ce9955e0925a","BLAN_005.tickPlot.tck","BLAN_005","2017-09-08T20:25Z","2017-11-28T17:00Z","BLAN_005.20170908","BLAN_005.20170908.IXOSP.L","Ixodidae sp.","IXOSP","family","Ixodidae",NA,NA,NA,"",NA,"sp.",NA,NA,"","GSU_tickIdentification_SOP_2016-11-01.pdf","","Larva",1,"OK","90% ethanol","USNMENT01430057","BLAN_005.20170908.L","Arianna Gibbs","Georgia Southern University","the original vial said BLAN_005.20170911"
"50b31118-b0ae-4e6d-8f04-81f670c18594","BLAN_015.tickPlot.tck","BLAN_015","2017-10-02T17:35Z","2018-01-28T17:00Z","BLAN_015.20171002","BLAN_015.20171002.IXOSCA.M","Ixodes scapularis","IXOSCA","species","Ixodidae",NA,NA,NA,"Ixodes",NA,"scapularis",NA,NA,"Cooley, R. A. and G. M. Kohls. 1945. The genus Ixodes in North America. National Institute of Health Bulletin, 184.","GSU_tickIdentification_SOP_2016-11-01.pdf","Say","Male",1,"OK","90% ethanol","USNMENT01430053","BLAN_015.20171002.IXOSCA.M","Lorenza Beati","Georgia Southern University",NA
"73c83958-48e4-4513-b4af-5074fc4a0193","BLAN_005.tickPlot.tck","BLAN_005","2017-10-02T18:29Z","2018-01-28T17:00Z","BLAN_005.20171002","BLAN_005.20171002.IXOSCA.N","Ixodes scapularis","IXOSCA","species","Ixodidae",NA,NA,NA,"Ixodes",NA,"scapularis",NA,NA,"Cooley, R. A. and G. M. Kohls. 1945. The genus Ixodes in North America. National Institute of Health Bulletin, 184.","GSU_tickIdentification_SOP_2016-11-01.pdf","Say","Nymph",1,"OK","90% ethanol","USNMENT01430054","BLAN_005.20171002.IXOSCA.N","Lorenza Beati","Georgia Southern University",NA
"0196da93-1fb5-4acd-914d-ac39d5f5a77a","BLAN_012.tickPlot.tck","BLAN_012","2018-04-23T16:16Z","2018-09-17T16:00Z","BLAN_012.20180423","BLAN_012.20180423.IXOSCA.N","Ixodes scapularis","IXOSCA","species","Ixodidae",NA,NA,NA,"Ixodes",NA,"scapularis",NA,NA,"Cooley, R. A. and G. M. Kohls. 1945. The genus Ixodes in North America. National Institute of Health Bulletin, 184.","GSU_tickIdentification_SOP_2016-11-01.pdf","Say","Nymph",1,"OK","90% ethanol","USNMENT01482309",NA,"Lorenza Beati","Georgia Southern University",NA
"40269f28-8e8f-45c5-aa9a-10020536461a","BLAN_005.tickPlot.tck","BLAN_005","2018-05-14T18:53Z","2018-09-17T16:00Z","BLAN_005.20180514","BLAN_005.20180514.IXOSCA.M","Ixodes scapularis","IXOSCA","species","Ixodidae",NA,NA,NA,"Ixodes",NA,"scapularis",NA,NA,"Cooley, R. A. and G. M. Kohls. 1945. The genus Ixodes in North America. National Institute of Health Bulletin, 184.","GSU_tickIdentification_SOP_2016-11-01.pdf","Say","Male",1,"OK","90% ethanol","USNMENT01482303",NA,"Lorenza Beati","Georgia Southern University",NA
"f5aa77fd-3076-45e4-965d-39279c66d582","BLAN_005.tickPlot.tck","BLAN_005","2018-05-14T18:53Z","2018-09-17T16:00Z","BLAN_005.20180514","BLAN_005.20180514.IXOSCA.N","Ixodes scapularis","IXOSCA","species","Ixodidae",NA,NA,NA,"Ixodes",NA,"scapularis",NA,NA,"Cooley, R. A. and G. M. Kohls. 1945. The genus Ixodes in North America. National Institute of Health Bulletin, 184.","GSU_tickIdentification_SOP_2016-11-01.pdf","Say","Nymph",3,"OK","90% ethanol","USNMENT01482253",NA,"Lorenza Beati","Georgia Southern University",NA
"76dd45f8-4f35-48e6-ba91-d3af86a0b2b3","BLAN_005.tickPlot.tck","BLAN_005","2018-05-14T18:53Z","2018-09-17T16:00Z","BLAN_005.20180514","BLAN_005.20180514.AMBAME.N","Amblyomma americanum","AMBAME","species","Ixodidae",NA,NA,NA,"Amblyomma",NA,"americanum",NA,NA,"Cooley, R. A. and G. M. Kohls. 1944. The genus Amblyomma (ixodidae) in the United States. The Journal of Parasitology, 30(2):77-111.","GSU_tickIdentification_SOP_2016-11-01.pdf","Linnaeus","Nymph",3,"OK","90% ethanol","USNMENT01482243",NA,"Lorenza Beati","Georgia Southern University",NA
"3c78d6e2-4838-4ef5-9c7e-4a7205050d12","BLAN_002.tickPlot.tck","BLAN_002","2018-06-07T13:38Z","2018-09-17T16:00Z","BLAN_002.20180607","BLAN_002.20180607.HAELON.N","Haemaphysalis longicornis","HAELON","species","Ixodidae",NA,NA,NA,"Haemaphysalis",NA,"longicornis",NA,NA,"","GSU_tickIdentification_SOP_2016-11-01.pdf","","Nymph",1,"OK","90% ethanol","USNMENT01482313",NA,"Lorenza Beati","Georgia Southern University",NA
"e26fa05c-e180-47c4-92a9-ffe380ccf926","BLAN_015.tickPlot.tck","BLAN_015","2018-06-07T14:50Z","2018-09-17T16:00Z","BLAN_015.20180607","BLAN_015.20180607.IXOSCA.N","Ixodes scapularis","IXOSCA","species","Ixodidae",NA,NA,NA,"Ixodes",NA,"scapularis",NA,NA,"Cooley, R. A. and G. M. Kohls. 1945. The genus Ixodes in North America. National Institute of Health Bulletin, 184.","GSU_tickIdentification_SOP_2016-11-01.pdf","Say","Nymph",1,"OK","90% ethanol","USNMENT01482263",NA,"Lorenza Beati","Georgia Southern University",NA
"db10ec32-4709-4b6f-b822-ee4ab1f87502","BLAN_008.tickPlot.tck","BLAN_008","2018-06-07T15:05Z","2018-09-17T16:00Z","BLAN_008.20180607","BLAN_008.20180607.IXOSCA.N","Ixodes scapularis","IXOSCA","species","Ixodidae",NA,NA,NA,"Ixodes",NA,"scapularis",NA,NA,"Cooley, R. A. and G. M. Kohls. 1945. The genus Ixodes in North America. National Institute of Health Bulletin, 184.","GSU_tickIdentification_SOP_2016-11-01.pdf","Say","Nymph",1,"OK","90% ethanol","USNMENT01482318",NA,"Lorenza Beati","Georgia Southern University",NA
"b8de922e-8615-40b9-9d76-a704322c3ed1","BLAN_005.tickPlot.tck","BLAN_005","2018-06-07T16:15Z","2018-09-17T16:00Z","BLAN_005.20180607","BLAN_005.20180607.IXOSCA.N","Ixodes scapularis","IXOSCA","species","Ixodidae",NA,NA,NA,"Ixodes",NA,"scapularis",NA,NA,"Cooley, R. A. and G. M. Kohls. 1945. The genus Ixodes in North America. National Institute of Health Bulletin, 184.","GSU_tickIdentification_SOP_2016-11-01.pdf","Say","Nymph",6,"OK","90% ethanol","USNMENT01482310",NA,"Lorenza Beati","Georgia Southern University",NA
"fc03a039-58e8-4cb1-bbe5-455c9b8d6a84","BLAN_005.tickPlot.tck","BLAN_005","2018-06-07T16:15Z","2018-09-17T16:00Z","BLAN_005.20180607","BLAN_005.20180607.AMBAME.N","Amblyomma americanum","AMBAME","species","Ixodidae",NA,NA,NA,"Amblyomma",NA,"americanum",NA,NA,"Cooley, R. A. and G. M. Kohls. 1944. The genus Amblyomma (ixodidae) in the United States. The Journal of Parasitology, 30(2):77-111.","GSU_tickIdentification_SOP_2016-11-01.pdf","Linnaeus","Nymph",7,"OK","90% ethanol","USNMENT01482308",NA,"Lorenza Beati","Georgia Southern University",NA
"4cdefaf1-04da-4a68-8311-bde8e523ee21","BLAN_005.tickPlot.tck","BLAN_005","2018-06-26T04:12Z","2018-09-17T16:00Z","BLAN_005.20180626","BLAN_005.20180626.IXOSCA.N","Ixodes scapularis","IXOSCA","species","Ixodidae",NA,NA,NA,"Ixodes",NA,"scapularis",NA,NA,"Cooley, R. A. and G. M. Kohls. 1945. The genus Ixodes in North America. National Institute of Health Bulletin, 184.","GSU_tickIdentification_SOP_2016-11-01.pdf","Say","Nymph",4,"OK","90% ethanol","USNMENT01482298",NA,"Lorenza Beati","Georgia Southern University",NA
"f4b6a50e-75cf-4de4-82e4-c0ce5c565fb9","BLAN_005.tickPlot.tck","BLAN_005","2018-06-26T04:12Z","2018-09-17T16:00Z","BLAN_005.20180626","BLAN_005.20180626.AMBAME.N","Amblyomma americanum","AMBAME","species","Ixodidae",NA,NA,NA,"Amblyomma",NA,"americanum",NA,NA,"Cooley, R. A. and G. M. Kohls. 1944. The genus Amblyomma (ixodidae) in the United States. The Journal of Parasitology, 30(2):77-111.","GSU_tickIdentification_SOP_2016-11-01.pdf","Linnaeus","Nymph",5,"OK","90% ethanol","USNMENT01482273",NA,"Lorenza Beati","Georgia Southern University",NA
"8fa19d4e-10c4-40cd-b75e-f04a3212a3f5","BLAN_012.tickPlot.tck","BLAN_012","2018-06-26T14:13Z","2018-09-17T16:00Z","BLAN_012.20180626","BLAN_012.20180626.IXOSCA.N","Ixodes scapularis","IXOSCA","species","Ixodidae",NA,NA,NA,"Ixodes",NA,"scapularis",NA,NA,"Cooley, R. A. and G. M. Kohls. 1945. The genus Ixodes in North America. National Institute of Health Bulletin, 184.","GSU_tickIdentification_SOP_2016-11-01.pdf","Say","Nymph",1,"OK","90% ethanol","USNMENT01482244",NA,"Lorenza Beati","Georgia Southern University",NA
"c6cef3c5-e638-486b-b588-c3ca84a110a0","BLAN_015.tickPlot.tck","BLAN_015","2018-06-26T15:12Z","2018-09-17T16:00Z","BLAN_015.20180626","BLAN_015.20180626.DERVAR.M","Dermacentor variabilis","DERVAR","species","Ixodidae",NA,NA,NA,"Dermacentor",NA,"variabilis",NA,NA,"Yunker, C. E., Keirans, J. E., Clifford, C. M., and E. R. Easton. 1986. Dermacentor ticks (Acari: Ixodoidea: Ixodidae) of the New World: a scanning electron microscope atlas. Proceedings of the Entomological Society of Washington, 88(4):609-627.","GSU_tickIdentification_SOP_2016-11-01.pdf","Say","Male",1,"OK","90% ethanol","USNMENT01482249",NA,"Lorenza Beati","Georgia Southern University",NA
"c0f26d41-459e-4b0d-b882-534959a348db","BLAN_005.tickPlot.tck","BLAN_005","2018-07-20T13:49Z","2018-09-17T16:00Z","BLAN_005.20180720","BLAN_005.20180720.DERVAR.F","Dermacentor variabilis","DERVAR","species","Ixodidae",NA,NA,NA,"Dermacentor",NA,"variabilis",NA,NA,"Yunker, C. E., Keirans, J. E., Clifford, C. M., and E. R. Easton. 1986. Dermacentor ticks (Acari: Ixodoidea: Ixodidae) of the New World: a scanning electron microscope atlas. Proceedings of the Entomological Society of Washington, 88(4):609-627.","GSU_tickIdentification_SOP_2016-11-01.pdf","Say","Female",1,"OK","90% ethanol","USNMENT01482278",NA,"Lorenza Beati","Georgia Southern University",NA
"ce96c990-04d9-4598-bf47-6dd0e9bcde07","BLAN_005.tickPlot.tck","BLAN_005","2018-08-06T15:40Z","2018-11-15T17:00Z","BLAN_005.20180806","BLAN_005.20180806.IXOSCA.N","Ixodes scapularis","IXOSCA","species","Ixodidae",NA,NA,NA,"Ixodes",NA,"scapularis",NA,NA,"Cooley, R. A. and G. M. Kohls. 1945. The genus Ixodes in North America. National Institute of Health Bulletin, 184.","GSU_tickIdentification_SOP_2016-11-01.pdf","Say","Nymph",1,"OK","90% ethanol","USNMENT01482617",NA,"Lorenza Beati","Georgia Southern University",NA
"1e27f53a-814c-4e87-b0c4-d83d3fc3ebb2","BLAN_005.tickPlot.tck","BLAN_005","2018-08-06T15:40Z","2018-11-03T16:00Z","BLAN_005.20180806","BLAN_005.20180806.L","Ixodida sp.","IXOSP2","order","",NA,NA,NA,"",NA,"sp.",NA,NA,"","GSU_tickIdentification_SOP_2016-11-01.pdf","","Larva",127,"OK","90% ethanol","USNMENT01482618",NA,"Arianna Gibbs","Georgia Southern University",NA
"1494a955-8de9-454c-a1e0-d25ce0d35588","BLAN_012.tickPlot.tck","BLAN_012","2018-08-07T02:27Z","2018-11-03T16:00Z","BLAN_012.20180806","BLAN_012.20180806.L","Ixodida sp.","IXOSP2","order","",NA,NA,NA,"",NA,"sp.",NA,NA,"","GSU_tickIdentification_SOP_2016-11-01.pdf","","Larva",2,"OK","90% ethanol","USNMENT01482624",NA,"Arianna Gibbs","Georgia Southern University",NA
"597a96a4-7ad3-4992-a0ef-6fe3bbee9f72","BLAN_012.tickPlot.tck","BLAN_012","2018-08-07T02:27Z","2018-11-15T17:00Z","BLAN_012.20180806","BLAN_012.20180806.IXOSCA.N","Ixodes scapularis","IXOSCA","species","Ixodidae",NA,NA,NA,"Ixodes",NA,"scapularis",NA,NA,"Cooley, R. A. and G. M. Kohls. 1945. The genus Ixodes in North America. National Institute of Health Bulletin, 184.","GSU_tickIdentification_SOP_2016-11-01.pdf","Say","Nymph",1,"OK","90% ethanol","USNMENT01482623",NA,"Lorenza Beati","Georgia Southern University",NA
"6c6ea389-d026-4d9e-840d-e1bf966d9019","BLAN_005.tickPlot.tck","BLAN_005","2018-08-27T17:52Z","2018-11-03T16:00Z","BLAN_005.20180827","BLAN_005.20180827.L","Ixodida sp.","IXOSP2","order","",NA,NA,NA,"",NA,"sp.",NA,NA,"","GSU_tickIdentification_SOP_2016-11-01.pdf","","Larva",71,"OK","90% ethanol","USNMENT01482622",NA,"Arianna Gibbs","Georgia Southern University",NA
"761ee492-d107-46fb-bac9-0f7fc10d82ed","BLAN_005.tickPlot.tck","BLAN_005","2018-08-27T17:52Z","2018-11-10T17:00Z","BLAN_005.20180827","BLAN_005.20180827.AMBAME.N","Amblyomma americanum","AMBAME","species","Ixodidae",NA,NA,NA,"Amblyomma",NA,"americanum",NA,NA,"Cooley, R. A. and G. M. Kohls. 1944. The genus Amblyomma (ixodidae) in the United States. The Journal of Parasitology, 30(2):77-111.","GSU_tickIdentification_SOP_2016-11-01.pdf","Linnaeus","Nymph",4,"OK","90% ethanol","USNMENT01482621",NA,"Lorenza Beati","Georgia Southern University",NA
"41791821-5beb-4640-a533-edebe73a18f0","BLAN_002.tickPlot.tck","BLAN_002","2018-08-27T19:39Z","2018-11-03T16:00Z","BLAN_002.20180827","BLAN_002.20180827.L","Ixodida sp.","IXOSP2","order","",NA,NA,NA,"",NA,"sp.",NA,NA,"","GSU_tickIdentification_SOP_2016-11-01.pdf","","Larva",1,"OK","90% ethanol","USNMENT01482614",NA,"Arianna Gibbs","Georgia Southern University",NA
"031d0a17-d11d-4470-9362-f8bd4c5c30fc","BLAN_015.tickPlot.tck","BLAN_015","2018-08-29T18:06Z","2018-11-03T16:00Z","BLAN_015.20180829","BLAN_015.20180829.L","Ixodida sp.","IXOSP2","order","",NA,NA,NA,"",NA,"sp.",NA,NA,"","GSU_tickIdentification_SOP_2016-11-01.pdf","","Larva",6,"OK","90% ethanol","USNMENT01482619",NA,"Arianna Gibbs","Georgia Southern University",NA
"e3ad9732-b2a8-4d8f-ae94-7fb73b5eaed5","BLAN_002.tickPlot.tck","BLAN_002","2018-09-20T15:54Z","2018-11-03T16:00Z","BLAN_002.20180920","BLAN_002.20180920.L","Ixodida sp.","IXOSP2","order","",NA,NA,NA,"",NA,"sp.",NA,NA,"","GSU_tickIdentification_SOP_2016-11-01.pdf","","Larva",61,"OK","90% ethanol","USNMENT01482613",NA,"Arianna Gibbs","Georgia Southern University",NA
"b32d01a0-c5ec-4d80-a890-62b8b1734e77","BLAN_002.tickPlot.tck","BLAN_002","2018-09-20T15:54Z","2018-11-10T17:00Z","BLAN_002.20180920","BLAN_002.20180920.HAELON.N","Haemaphysalis longicornis","HAELON","species","Ixodidae",NA,NA,NA,"Haemaphysalis",NA,"longicornis",NA,NA,"","GSU_tickIdentification_SOP_2016-11-01.pdf","","Nymph",1,"OK","90% ethanol","USNMENT01482612",NA,"Lorenza Beati","Georgia Southern University",NA
"8fb6d1ae-9421-47bb-bd93-a88158ae10ce","BLAN_005.tickPlot.tck","BLAN_005","2018-09-20T17:36Z","2018-11-03T16:00Z","BLAN_005.20180920","BLAN_005.20180920.L","Ixodida sp.","IXOSP2","order","",NA,NA,NA,"",NA,"sp.",NA,NA,"","GSU_tickIdentification_SOP_2016-11-01.pdf","","Larva",18,"OK","90% ethanol","USNMENT01482611",NA,"Arianna Gibbs","Georgia Southern University",NA
"46446858-b31e-4672-a588-894d04b42800","BLAN_005.tickPlot.tck","BLAN_005","2018-09-20T17:36Z","2018-11-15T17:00Z","BLAN_005.20180920","BLAN_005.20180920.IXOSCA.N","Ixodes scapularis","IXOSCA","species","Ixodidae",NA,NA,NA,"Ixodes",NA,"scapularis",NA,NA,"Cooley, R. A. and G. M. Kohls. 1945. The genus Ixodes in North America. National Institute of Health Bulletin, 184.","GSU_tickIdentification_SOP_2016-11-01.pdf","Say","Nymph",6,"OK","90% ethanol","USNMENT01482610",NA,"Lorenza Beati","Georgia Southern University",NA
"ed2e2c91-bcf6-40cc-8306-6cd44a3ce332","BLAN_008.tickPlot.tck","BLAN_008","2018-09-20T18:33Z","2018-11-03T16:00Z","BLAN_008.20180920","BLAN_008.20180920.L","Ixodida sp.","IXOSP2","order","",NA,NA,NA,"",NA,"sp.",NA,NA,"","GSU_tickIdentification_SOP_2016-11-01.pdf","","Larva",2,"OK","90% ethanol","USNMENT01482620",NA,"Arianna Gibbs","Georgia Southern University",NA
"da2a880b-89a0-4a23-9384-b700bae5fb0e","BLAN_012.tickPlot.tck","BLAN_012","2018-09-20T19:13Z","2018-11-03T16:00Z","BLAN_012.20180920","BLAN_012.20180920.L","Ixodida sp.","IXOSP2","order","",NA,NA,NA,"",NA,"sp.",NA,NA,"","GSU_tickIdentification_SOP_2016-11-01.pdf","","Larva",1,"OK","90% ethanol","USNMENT01482616",NA,"Arianna Gibbs","Georgia Southern University",NA
"26c7e688-24e1-4b2f-b356-a83779fd435b","BLAN_012.tickPlot.tck","BLAN_012","2018-09-20T19:13Z","2018-11-15T17:00Z","BLAN_012.20180920","BLAN_012.20180920.IXOSCA.N","Ixodes scapularis","IXOSCA","species","Ixodidae",NA,NA,NA,"Ixodes",NA,"scapularis",NA,NA,"Cooley, R. A. and G. M. Kohls. 1945. The genus Ixodes in North America. National Institute of Health Bulletin, 184.","GSU_tickIdentification_SOP_2016-11-01.pdf","Say","Nymph",1,"OK","90% ethanol","USNMENT01482615",NA,"Lorenza Beati","Georgia Southern University",NA
"26c09328-3860-459c-b2a4-cc23e4402b8f","OSBS_003.tickPlot.tck","OSBS_003","2017-04-19T14:11Z","2017-12-13T17:00Z","OSBS_003.20170419","OSBS_003.20170419.AMBAME.F","Amblyomma americanum","AMBAME","species","Ixodidae",NA,NA,NA,"Amblyomma",NA,"americanum",NA,NA,"Cooley, R. A. and G. M. Kohls. 1944. The genus Amblyomma (ixodidae) in the United States. The Journal of Parasitology, 30(2):77-111.","GSU_tickIdentification_SOP_2016-11-01.pdf","Linnaeus","Female",4,"OK","90% ethanol","USNMENT01358147","OSBS_003.20170419.01.AMBAME.F","Lorenza Beati","Georgia Southern University",""
"41bec341-10c1-426c-b06d-798005d72ac2","OSBS_003.tickPlot.tck","OSBS_003","2017-04-19T14:11Z","2017-12-13T17:00Z","OSBS_003.20170419","OSBS_003.20170419.AMBAME.M","Amblyomma americanum","AMBAME","species","Ixodidae",NA,NA,NA,"Amblyomma",NA,"americanum",NA,NA,"Cooley, R. A. and G. M. Kohls. 1944. The genus Amblyomma (ixodidae) in the United States. The Journal of Parasitology, 30(2):77-111.","GSU_tickIdentification_SOP_2016-11-01.pdf","Linnaeus","Male",6,"OK","90% ethanol","USNMENT01358146","OSBS_003.20170419.01.AMBAME.M","Lorenza Beati","Georgia Southern University",""
"54699be2-5edc-4c1e-b051-81754c6b4d2c","OSBS_003.tickPlot.tck","OSBS_003","2017-04-19T14:11Z","2017-12-13T17:00Z","OSBS_003.20170419","OSBS_003.20170419.AMBAME.N","Amblyomma americanum","AMBAME","species","Ixodidae",NA,NA,NA,"Amblyomma",NA,"americanum",NA,NA,"Cooley, R. A. and G. M. Kohls. 1944. The genus Amblyomma (ixodidae) in the United States. The Journal of Parasitology, 30(2):77-111.","GSU_tickIdentification_SOP_2016-11-01.pdf","Linnaeus","Nymph",38,"OK","90% ethanol","USNMENT01358145","OSBS_003.20170419.01.AMBAME.N","Lorenza Beati","Georgia Southern University",""
"b9ade405-b68a-4160-998b-cc943fc719d6","OSBS_004.tickPlot.tck","OSBS_004","2017-04-19T15:15Z","2017-12-13T17:00Z","OSBS_004.20170419","OSBS_004.20170419.AMBAME.N","Amblyomma americanum","AMBAME","species","Ixodidae",NA,NA,NA,"Amblyomma",NA,"americanum",NA,NA,"Cooley, R. A. and G. M. Kohls. 1944. The genus Amblyomma (ixodidae) in the United States. The Journal of Parasitology, 30(2):77-111.","GSU_tickIdentification_SOP_2016-11-01.pdf","Linnaeus","Nymph",3,"OK","90% ethanol","USNMENT01358144","OSBS_004.20170419.01.AMBAME.N","Lorenza Beati","Georgia Southern University",""
"7d6abc3e-2c65-4857-9190-ce67f73b6490","OSBS_022.tickPlot.tck","OSBS_022","2017-04-19T15:49Z","2017-07-13T16:00Z","OSBS_022.20170419","OSBS_022.20170419.IXOSP.N","Ixodidae sp.","IXOSP","family","Ixodidae",NA,NA,NA,"",NA,"sp.",NA,NA,"","GSU_tickIdentification_SOP_2016-11-01.pdf","","Nymph",1,"OK","90% ethanol","USNMENT01358148","OSBS_022.20170419.01.N","Guy Hobbs","Georgia Southern University","Over invoice limit, will not be billed."
"aa09d2a3-b109-48f1-8208-bbf053652044","OSBS_001.tickPlot.tck","OSBS_001","2017-04-19T16:42Z","2017-12-13T17:00Z","OSBS_001.20170419","OSBS_001.20170419.AMBAME.M","Amblyomma americanum","AMBAME","species","Ixodidae",NA,NA,NA,"Amblyomma",NA,"americanum",NA,NA,"Cooley, R. A. and G. M. Kohls. 1944. The genus Amblyomma (ixodidae) in the United States. The Journal of Parasitology, 30(2):77-111.","GSU_tickIdentification_SOP_2016-11-01.pdf","Linnaeus","Male",3,"OK","90% ethanol","USNMENT01358142","OSBS_001.20170419.01.AMBAME.M","Lorenza Beati","Georgia Southern University",""
"bbd3554d-a0e2-40b3-881b-da971dea37b3","OSBS_001.tickPlot.tck","OSBS_001","2017-04-19T16:42Z","2017-07-13T16:00Z","OSBS_001.20170419","OSBS_001.20170419.IXOSP.N","Ixodidae sp.","IXOSP","family","Ixodidae",NA,NA,NA,"",NA,"sp.",NA,NA,"","GSU_tickIdentification_SOP_2016-11-01.pdf","","Nymph",20,"OK","90% ethanol","USNMENT01358141","OSBS_001.20170419.01.N","Guy Hobbs","Georgia Southern University","Over invoice limit, will not be billed."
"2a7b5b5b-b05a-4e22-97ee-fe81acec4119","OSBS_001.tickPlot.tck","OSBS_001","2017-04-19T16:42Z","2017-12-13T17:00Z","OSBS_001.20170419","OSBS_001.20170419.AMBAME.F","Amblyomma americanum","AMBAME","species","Ixodidae",NA,NA,NA,"Amblyomma",NA,"americanum",NA,NA,"Cooley, R. A. and G. M. Kohls. 1944. The genus Amblyomma (ixodidae) in the United States. The Journal of Parasitology, 30(2):77-111.","GSU_tickIdentification_SOP_2016-11-01.pdf","Linnaeus","Female",4,"OK","90% ethanol","USNMENT01358143","OSBS_001.20170419.01.AMBAME.F","Lorenza Beati","Georgia Southern University",""
"6b26a217-5cea-4f47-b5f9-666c9c009183","OSBS_005.tickPlot.tck","OSBS_005","2017-04-19T17:47Z","2017-12-07T17:00Z","OSBS_005.20170419","OSBS_005.20170419.AMBAME.M","Amblyomma americanum","AMBAME","species","Ixodidae",NA,NA,NA,"Amblyomma",NA,"americanum",NA,NA,"Cooley, R. A. and G. M. Kohls. 1944. The genus Amblyomma (ixodidae) in the United States. The Journal of Parasitology, 30(2):77-111.","GSU_tickIdentification_SOP_2016-11-01.pdf","Linnaeus","Male",17,"OK","90% ethanol","USNMENT01358138","OSBS_005.20170419.02.AMBAME.M","Lorenza Beati","Georgia Southern University",""
"e17566ab-d2d5-4a4e-bac6-200ebc004118","OSBS_005.tickPlot.tck","OSBS_005","2017-04-19T17:47Z","2017-07-07T16:00Z","OSBS_005.20170419","OSBS_005.20170419.IXOSP.L","Ixodidae sp.","IXOSP","family","Ixodidae",NA,NA,NA,"",NA,"sp.",NA,NA,"","GSU_tickIdentification_SOP_2016-11-01.pdf","","Larva",1,"OK","90% ethanol","USNMENT01358140","OSBS_005.20170419.01.L","Guy Hobbs","Georgia Southern University",""
"9d9cd246-70be-47c1-be21-dcd5120b4230","OSBS_005.tickPlot.tck","OSBS_005","2017-04-19T17:47Z","2017-12-07T17:00Z","OSBS_005.20170419","OSBS_005.20170419.AMBAME.F","Amblyomma americanum","AMBAME","species","Ixodidae",NA,NA,NA,"Amblyomma",NA,"americanum",NA,NA,"Cooley, R. A. and G. M. Kohls. 1944. The genus Amblyomma (ixodidae) in the United States. The Journal of Parasitology, 30(2):77-111.","GSU_tickIdentification_SOP_2016-11-01.pdf","Linnaeus","Female",17,"OK","90% ethanol","USNMENT01358139","OSBS_005.20170419.02.AMBAME.F","Lorenza Beati","Georgia Southern University",""
"57196f58-2970-4c2c-93cc-ca38eae459cc","OSBS_005.tickPlot.tck","OSBS_005","2017-04-19T17:47Z","2017-07-07T16:00Z","OSBS_005.20170419","OSBS_005.20170419.IXOSP.N","Ixodidae sp.","IXOSP","family","Ixodidae",NA,NA,NA,"",NA,"sp.",NA,NA,"","GSU_tickIdentification_SOP_2016-11-01.pdf","","Nymph",221,"OK","90% ethanol","USNMENT01358137","OSBS_005.20170419.02.N","Guy Hobbs","Georgia Southern University","Over invoice limit, will not be billed."
"b7fc6270-488c-4872-9e49-72798d7f3b72","OSBS_003.tickPlot.tck","OSBS_003","2017-05-11T14:40Z","2017-12-13T17:00Z","OSBS_003.20170511","OSBS_003.20170511.AMBAME.M","Amblyomma americanum","AMBAME","species","Ixodidae",NA,NA,NA,"Amblyomma",NA,"americanum",NA,NA,"Cooley, R. A. and G. M. Kohls. 1944. The genus Amblyomma (ixodidae) in the United States. The Journal of Parasitology, 30(2):77-111.","GSU_tickIdentification_SOP_2016-11-01.pdf","Linnaeus","Male",8,"OK","90% ethanol","USNMENT01358500","OSBS_003.20170511.02.AMBAME.M","Lorenza Beati","Georgia Southern University",""
"eb259938-3117-4b60-98e6-b811a2a57a4d","OSBS_003.tickPlot.tck","OSBS_003","2017-05-11T14:40Z","2017-12-13T17:00Z","OSBS_003.20170511","OSBS_003.20170511.AMBAME.N","Amblyomma americanum","AMBAME","species","Ixodidae",NA,NA,NA,"Amblyomma",NA,"americanum",NA,NA,"Cooley, R. A. and G. M. Kohls. 1944. The genus Amblyomma (ixodidae) in the United States. The Journal of Parasitology, 30(2):77-111.","GSU_tickIdentification_SOP_2016-11-01.pdf","Linnaeus","Nymph",19,"OK","90% ethanol","USNMENT01358501","OSBS_003.20170511.02.AMBAME.N","Lorenza Beati","Georgia Southern University",""
"6521c6c4-56e6-4b31-aab3-8eddbf69858d","OSBS_003.tickPlot.tck","OSBS_003","2017-05-11T14:40Z","2017-12-13T17:00Z","OSBS_003.20170511","OSBS_003.20170511.AMBAME.F","Amblyomma americanum","AMBAME","species","Ixodidae",NA,NA,NA,"Amblyomma",NA,"americanum",NA,NA,"Cooley, R. A. and G. M. Kohls. 1944. The genus Amblyomma (ixodidae) in the United States. The Journal of Parasitology, 30(2):77-111.","GSU_tickIdentification_SOP_2016-11-01.pdf","Linnaeus","Female",9,"OK","90% ethanol","USNMENT01358502","OSBS_003.20170511.01.AMBAME.F","Lorenza Beati","Georgia Southern University",""
"523f9a12-3cde-43e5-beba-d5d1cfcdb5ee","OSBS_022.tickPlot.tck","OSBS_022","2017-05-11T16:01Z","2017-09-17T16:00Z","OSBS_022.20170511","OSBS_022.20170511.IXOSP.N","Ixodidae sp.","IXOSP","family","Ixodidae",NA,NA,NA,"",NA,"sp.",NA,NA,"","GSU_tickIdentification_SOP_2016-11-01.pdf","","Nymph",1,"OK","90% ethanol","USNMENT01358504","OSBS_022.20170511.01.N","Lorenza Beati","Georgia Southern University","Over invoice limit, will not be billed."
"d8c9ad19-4e52-4c2e-934d-d4de89814ed3","OSBS_001.tickPlot.tck","OSBS_001","2017-05-11T18:07Z","2017-12-17T17:00Z","OSBS_001.20170511","OSBS_001.20170511.DERVAR.F","Dermacentor variabilis","DERVAR","species","Ixodidae",NA,NA,NA,"Dermacentor",NA,"variabilis",NA,NA,"Yunker, C. E., Keirans, J. E., Clifford, C. M., and E. R. Easton. 1986. Dermacentor ticks (Acari: Ixodoidea: Ixodidae) of the New World: a scanning electron microscope atlas. Proceedings of the Entomological Society of Washington, 88(4):609-627.","GSU_tickIdentification_SOP_2016-11-01.pdf","Say","Female",1,"OK","90% ethanol","USNMENT01358562","OSBS_001.20170511.01.DERVAR.F","Lorenza Beati","Georgia Southern University",""
"5a854f34-9fe9-42d9-b230-0974f97792e1","OSBS_001.tickPlot.tck","OSBS_001","2017-05-11T18:07Z","2017-09-17T16:00Z","OSBS_001.20170511","OSBS_001.20170511.AMBSP.N","Amblyomma sp.","AMBSP","genus","Ixodidae",NA,NA,NA,"Amblyomma",NA,"sp.",NA,NA,"","GSU_tickIdentification_SOP_2016-11-01.pdf","","Nymph",1,"OK","90% ethanol","USNMENT01358561","OSBS_001.20170511.01.AMB.N","Guy Hobbs","Georgia Southern University","Over invoice limit, will not be billed."
"9a60c562-dc1a-4785-bcbc-43719d08b577","OSBS_001.tickPlot.tck","OSBS_001","2017-05-11T18:07Z","2017-12-13T17:00Z","OSBS_001.20170511","OSBS_001.20170511.AMBAME.F","Amblyomma americanum","AMBAME","species","Ixodidae",NA,NA,NA,"Amblyomma",NA,"americanum",NA,NA,"Cooley, R. A. and G. M. Kohls. 1944. The genus Amblyomma (ixodidae) in the United States. The Journal of Parasitology, 30(2):77-111.","GSU_tickIdentification_SOP_2016-11-01.pdf","Linnaeus","Female",3,"OK","90% ethanol","USNMENT01358559","OSBS_001.20170511.01.AMBAME.F","Lorenza Beati","Georgia Southern University",""
"a59c1411-cbaa-4cc4-a47e-17351fe9277e","OSBS_001.tickPlot.tck","OSBS_001","2017-05-11T18:07Z","2017-12-17T17:00Z","OSBS_001.20170511","OSBS_001.20170511.AMBAME.M","Amblyomma americanum","AMBAME","species","Ixodidae",NA,NA,NA,"Amblyomma",NA,"americanum",NA,NA,"Cooley, R. A. and G. M. Kohls. 1944. The genus Amblyomma (ixodidae) in the United States. The Journal of Parasitology, 30(2):77-111.","GSU_tickIdentification_SOP_2016-11-01.pdf","Linnaeus","Male",4,"OK","90% ethanol","USNMENT01358560","OSBS_001.20170511.01.AMBAME.M","Lorenza Beati","Georgia Southern University",""
"d9d09a91-0ef7-4425-8f48-641290a62fe0","OSBS_005.tickPlot.tck","OSBS_005","2017-05-11T19:07Z","2017-12-17T17:00Z","OSBS_005.20170511","OSBS_005.20170511.AMBAME.F","Amblyomma americanum","AMBAME","species","Ixodidae",NA,NA,NA,"Amblyomma",NA,"americanum",NA,NA,"Cooley, R. A. and G. M. Kohls. 1944. The genus Amblyomma (ixodidae) in the United States. The Journal of Parasitology, 30(2):77-111.","GSU_tickIdentification_SOP_2016-11-01.pdf","Linnaeus","Female",13,"OK","90% ethanol","USNMENT01358565","OSBS_005.20170511.01.AMBAME.F","Lorenza Beati","Georgia Southern University","TO PAULA"
"7b68641b-812e-4f6d-b0ba-3dcb3f0fafb9","OSBS_005.tickPlot.tck","OSBS_005","2017-05-11T19:07Z","2017-12-17T17:00Z","OSBS_005.20170511","OSBS_005.20170511.AMBAME.N","Amblyomma americanum","AMBAME","species","Ixodidae",NA,NA,NA,"Amblyomma",NA,"americanum",NA,NA,"Cooley, R. A. and G. M. Kohls. 1944. The genus Amblyomma (ixodidae) in the United States. The Journal of Parasitology, 30(2):77-111.","GSU_tickIdentification_SOP_2016-11-01.pdf","Linnaeus","Nymph",110,"OK","90% ethanol","USNMENT01358563","OSBS_005.20170511.01.AMBAME.N","Lorenza Beati","Georgia Southern University","identified 27 out of 110 and separated them"
"bf3c91ff-d878-4b7e-b29d-95b0ecaa8da3","OSBS_005.tickPlot.tck","OSBS_005","2017-05-11T19:07Z","2017-12-17T17:00Z","OSBS_005.20170511","OSBS_005.20170511.AMBAME.M","Amblyomma americanum","AMBAME","species","Ixodidae",NA,NA,NA,"Amblyomma",NA,"americanum",NA,NA,"Cooley, R. A. and G. M. Kohls. 1944. The genus Amblyomma (ixodidae) in the United States. The Journal of Parasitology, 30(2):77-111.","GSU_tickIdentification_SOP_2016-11-01.pdf","Linnaeus","Male",14,"OK","90% ethanol","USNMENT01358564","OSBS_005.20170511.01.AMBAME.M","Lorenza Beati","Georgia Southern University","TO PAULA"
"73073462-d0f1-48fa-a90d-cb870d6c2008","OSBS_003.tickPlot.tck","OSBS_003","2017-06-01T14:45Z","2017-12-07T17:00Z","OSBS_003.20170601","OSBS_003.20170601.AMBAME.F","Amblyomma americanum","AMBAME","species","Ixodidae",NA,NA,NA,"Amblyomma",NA,"americanum",NA,NA,"Cooley, R. A. and G. M. Kohls. 1944. The genus Amblyomma (ixodidae) in the United States. The Journal of Parasitology, 30(2):77-111.","GSU_tickIdentification_SOP_2016-11-01.pdf","Linnaeus","Female",8,"OK","90% ethanol","USNMENT01358132","OSBS_003.20170601.01.AMBAME.F","Lorenza Beati","Georgia Southern University","TO PAULA"
"c14a6eae-f18d-48da-ac37-e3cb6ac1eeb5","OSBS_003.tickPlot.tck","OSBS_003","2017-06-01T14:45Z","2017-12-07T17:00Z","OSBS_003.20170601","OSBS_003.20170601.AMBAME.M","Amblyomma americanum","AMBAME","species","Ixodidae",NA,NA,NA,"Amblyomma",NA,"americanum",NA,NA,"Cooley, R. A. and G. M. Kohls. 1944. The genus Amblyomma (ixodidae) in the United States. The Journal of Parasitology, 30(2):77-111.","GSU_tickIdentification_SOP_2016-11-01.pdf","Linnaeus","Male",7,"OK","90% ethanol","USNMENT01358131","OSBS_003.20170601.01.AMBAME.M","Lorenza Beati","Georgia Southern University","TO PAULA"
"f4fca67b-37d8-4347-b9e3-7b5b11444f30","OSBS_003.tickPlot.tck","OSBS_003","2017-06-01T14:45Z","2017-12-07T17:00Z","OSBS_003.20170601","OSBS_003.20170601.AMBAME.N","Amblyomma americanum","AMBAME","species","Ixodidae",NA,NA,NA,"Amblyomma",NA,"americanum",NA,NA,"Cooley, R. A. and G. M. Kohls. 1944. The genus Amblyomma (ixodidae) in the United States. The Journal of Parasitology, 30(2):77-111.","GSU_tickIdentification_SOP_2016-11-01.pdf","Linnaeus","Nymph",14,"OK","90% ethanol","USNMENT01358130","OSBS_003.20170601.01.AMBAME.N","Lorenza Beati","Georgia Southern University",""
"9606cbcc-1aeb-4a0f-837a-f925a50e7018","OSBS_003.tickPlot.tck","OSBS_003","2017-06-01T14:45Z","2017-07-07T16:00Z","OSBS_003.20170601","OSBS_003.20170601.IXOSP.L","Ixodidae sp.","IXOSP","family","Ixodidae",NA,NA,NA,"",NA,"sp.",NA,NA,"","GSU_tickIdentification_SOP_2016-11-01.pdf","","Larva",1,"OK","90% ethanol","USNMENT01358125","OSBS_003.20170601.02.L","Guy Hobbs","Georgia Southern University","Over invoice limit, will not be billed."
"f914e586-b55a-4181-b382-6f2cb291dd3c","OSBS_001.tickPlot.tck","OSBS_001","2017-06-01T17:33Z","2017-12-07T17:00Z","OSBS_001.20170601","OSBS_001.20170601.AMBAME.N","Amblyomma americanum","AMBAME","species","Ixodidae",NA,NA,NA,"Amblyomma",NA,"americanum",NA,NA,"Cooley, R. A. and G. M. Kohls. 1944. The genus Amblyomma (ixodidae) in the United States. The Journal of Parasitology, 30(2):77-111.","GSU_tickIdentification_SOP_2016-11-01.pdf","Linnaeus","Nymph",8,"OK","90% ethanol","USNMENT01358126","OSBS_001.20170601.01.AMBAME.N","Lorenza Beati","Georgia Southern University",""
"b17a3598-9f4c-4307-9523-da6d66ef656e","OSBS_001.tickPlot.tck","OSBS_001","2017-06-01T17:33Z","2017-07-07T16:00Z","OSBS_001.20170601","OSBS_001.20170601.IXOSP.L","Ixodidae sp.","IXOSP","family","Ixodidae",NA,NA,NA,"",NA,"sp.",NA,NA,"","GSU_tickIdentification_SOP_2016-11-01.pdf","","Larva",1,"OK","90% ethanol","USNMENT01358129","OSBS_001.20170601.02.L","Guy Hobbs","Georgia Southern University","Over invoice limit, will not be billed."
"3bf5d5ab-13c9-4d9b-b7f9-1a5d41430ee7","OSBS_001.tickPlot.tck","OSBS_001","2017-06-01T17:33Z","2017-12-07T17:00Z","OSBS_001.20170601","OSBS_001.20170601.AMBAME.F","Amblyomma americanum","AMBAME","species","Ixodidae",NA,NA,NA,"Amblyomma",NA,"americanum",NA,NA,"Cooley, R. A. and G. M. Kohls. 1944. The genus Amblyomma (ixodidae) in the United States. The Journal of Parasitology, 30(2):77-111.","GSU_tickIdentification_SOP_2016-11-01.pdf","Linnaeus","Female",3,"OK","90% ethanol","USNMENT01358128","OSBS_001.20170601.01.AMBAME.F","Lorenza Beati","Georgia Southern University",""
"25f9e6a9-886b-4133-9a90-1199e3be6039","OSBS_001.tickPlot.tck","OSBS_001","2017-06-01T17:33Z","2017-12-07T17:00Z","OSBS_001.20170601","OSBS_001.20170601.AMBAME.M","Amblyomma americanum","AMBAME","species","Ixodidae",NA,NA,NA,"Amblyomma",NA,"americanum",NA,NA,"Cooley, R. A. and G. M. Kohls. 1944. The genus Amblyomma (ixodidae) in the United States. The Journal of Parasitology, 30(2):77-111.","GSU_tickIdentification_SOP_2016-11-01.pdf","Linnaeus","Male",4,"OK","90% ethanol","USNMENT01358127","OSBS_001.20170601.01.AMBAME.M","Lorenza Beati","Georgia Southern University","TO PAULA"
"1130a0ef-0c6c-421e-949d-4124cd4ebcdf","OSBS_005.tickPlot.tck","OSBS_005","2017-06-01T18:27Z","2017-12-07T17:00Z","OSBS_005.20170601","OSBS_005.20170601.AMBAME.F","Amblyomma americanum","AMBAME","species","Ixodidae",NA,NA,NA,"Amblyomma",NA,"americanum",NA,NA,"Cooley, R. A. and G. M. Kohls. 1944. The genus Amblyomma (ixodidae) in the United States. The Journal of Parasitology, 30(2):77-111.","GSU_tickIdentification_SOP_2016-11-01.pdf","Linnaeus","Female",7,"OK","90% ethanol","USNMENT01358134","OSBS_005.20170601.01.AMBAME.F","Lorenza Beati","Georgia Southern University",""
"b16e9ff3-d147-4ef8-b810-2918bc217b7c","OSBS_005.tickPlot.tck","OSBS_005","2017-06-01T18:27Z","2017-07-07T16:00Z","OSBS_005.20170601","OSBS_005.20170601.IXOSP.N","Ixodidae sp.","IXOSP","family","Ixodidae",NA,NA,NA,"",NA,"sp.",NA,NA,"","GSU_tickIdentification_SOP_2016-11-01.pdf","","Nymph",79,"OK","90% ethanol","USNMENT01358135","OSBS_005.20170601.01.N","Guy Hobbs","Georgia Southern University","Over invoice limit, will not be billed."
"4a480be7-a2d4-4bc9-aec2-2176c9daab14","OSBS_005.tickPlot.tck","OSBS_005","2017-06-01T18:27Z","2017-12-07T17:00Z","OSBS_005.20170601","OSBS_005.20170601.AMBAME.M","Amblyomma americanum","AMBAME","species","Ixodidae",NA,NA,NA,"Amblyomma",NA,"americanum",NA,NA,"Cooley, R. A. and G. M. Kohls. 1944. The genus Amblyomma (ixodidae) in the United States. The Journal of Parasitology, 30(2):77-111.","GSU_tickIdentification_SOP_2016-11-01.pdf","Linnaeus","Male",8,"OK","90% ethanol","USNMENT01358133","OSBS_005.20170601.01.AMBAME.M","Lorenza Beati","Georgia Southern University",""
"a2edb594-b6bb-4b04-86b7-693cefeb33d0","OSBS_005.tickPlot.tck","OSBS_005","2017-06-01T18:27Z","2017-07-07T16:00Z","OSBS_005.20170601","OSBS_005.20170601.IXOSP.L","Ixodidae sp.","IXOSP","family","Ixodidae",NA,NA,NA,"",NA,"sp.",NA,NA,"","GSU_tickIdentification_SOP_2016-11-01.pdf","","Larva",1,"OK","90% ethanol","USNMENT01358136","OSBS_005.20170601.01.L","Guy Hobbs","Georgia Southern University",""
"cb171ff7-8382-460e-af6c-ed6d04683005","OSBS_003.tickPlot.tck","OSBS_003","2017-07-17T13:40Z","2017-12-22T17:00Z","OSBS_003.20170717","OSBS_003.20170717.AMBAME.N","Amblyomma americanum","AMBAME","species","Ixodidae",NA,NA,NA,"Amblyomma",NA,"americanum",NA,NA,"Cooley, R. A. and G. M. Kohls. 1944. The genus Amblyomma (ixodidae) in the United States. The Journal of Parasitology, 30(2):77-111.","GSU_tickIdentification_SOP_2016-11-01.pdf","Linnaeus","Nymph",14,"OK","90% ethanol","USNMENT01358635","OSBS_003.20170717.01.AMBAME.N","Lorenza Beati","Georgia Southern University",""
"f9ab765a-6486-4451-acf8-a5b6e0a6f383","OSBS_003.tickPlot.tck","OSBS_003","2017-07-17T13:40Z","2017-09-22T16:00Z","OSBS_003.20170717","OSBS_003.20170717.IXOSP.L","Ixodidae sp.","IXOSP","family","Ixodidae",NA,NA,NA,"",NA,"sp.",NA,NA,"","GSU_tickIdentification_SOP_2016-11-01.pdf","","Larva",1,"OK","90% ethanol","USNMENT01358632","OSBS_003.20170717.02.L","Guy Hobbs","Georgia Southern University","Over invoice limit, will not be billed."
"d0eaebae-686c-4822-9722-a857b1b9d25d","OSBS_003.tickPlot.tck","OSBS_003","2017-07-17T13:40Z","2017-12-22T17:00Z","OSBS_003.20170717","OSBS_003.20170717.AMBAME.M","Amblyomma americanum","AMBAME","species","Ixodidae",NA,NA,NA,"Amblyomma",NA,"americanum",NA,NA,"Cooley, R. A. and G. M. Kohls. 1944. The genus Amblyomma (ixodidae) in the United States. The Journal of Parasitology, 30(2):77-111.","GSU_tickIdentification_SOP_2016-11-01.pdf","Linnaeus","Male",2,"OK","90% ethanol","USNMENT01358633","OSBS_003.20170717.01.AMBAME.M","Lorenza Beati","Georgia Southern University",""
"9af514d0-a049-4b50-b76c-5ac1ecda870b","OSBS_003.tickPlot.tck","OSBS_003","2017-07-17T13:40Z","2017-12-22T17:00Z","OSBS_003.20170717","OSBS_003.20170717.AMBAME.F","Amblyomma americanum","AMBAME","species","Ixodidae",NA,NA,NA,"Amblyomma",NA,"americanum",NA,NA,"Cooley, R. A. and G. M. Kohls. 1944. The genus Amblyomma (ixodidae) in the United States. The Journal of Parasitology, 30(2):77-111.","GSU_tickIdentification_SOP_2016-11-01.pdf","Linnaeus","Female",6,"OK","90% ethanol","USNMENT01358634","OSBS_003.20170717.01.AMBAME.F","Lorenza Beati","Georgia Southern University","7 were counted but only found 6"
"9cefddcd-ce50-4a8a-84f1-25a575482a95","OSBS_022.tickPlot.tck","OSBS_022","2017-07-17T14:47Z","2017-12-22T17:00Z","OSBS_022.20170717","OSBS_022.20170717.AMBMAC.M","Amblyomma maculatum","AMBMAC","species","Ixodidae",NA,NA,NA,"Amblyomma",NA,"maculatum",NA,NA,"Cooley, R. A. and G. M. Kohls. 1944. The genus Amblyomma (ixodidae) in the United States. The Journal of Parasitology, 30(2):77-111.","GSU_tickIdentification_SOP_2016-11-01.pdf","Koch","Male",1,"OK","90% ethanol","USNMENT01358636","OSBS_022.20170717.01.AMBMAC.M","Lorenza Beati","Georgia Southern University",""
"0807d0ee-a84e-4db7-b8dd-96e4beabe932","OSBS_001.tickPlot.tck","OSBS_001","2017-07-17T16:12Z","2017-09-17T16:00Z","OSBS_001.20170717","OSBS_001.20170717.AMBAME.F","Amblyomma americanum","AMBAME","species","Ixodidae",NA,NA,NA,"Amblyomma",NA,"americanum",NA,NA,"Cooley, R. A. and G. M. Kohls. 1944. The genus Amblyomma (ixodidae) in the United States. The Journal of Parasitology, 30(2):77-111.","GSU_tickIdentification_SOP_2016-11-01.pdf","Linnaeus","Female",3,"OK","90% ethanol","USNMENT01358578","OSBS_001.20170717.01.AMBAME.F","Guy Hobbs","Georgia Southern University","Over invoice limit, will not be billed."
"a006600c-3b28-4221-b776-74416a8f65c0","OSBS_001.tickPlot.tck","OSBS_001","2017-07-17T16:12Z","2017-09-02T16:00Z","OSBS_001.20170717","OSBS_001.20170717.IXOSP.L","Ixodidae sp.","IXOSP","family","Ixodidae",NA,NA,NA,"",NA,"sp.",NA,NA,"","GSU_tickIdentification_SOP_2016-11-01.pdf","","Larva",1,"OK","90% ethanol","USNMENT01358631","OSBS_001.20170717.02.L","Guy Hobbs","Georgia Southern University","Over invoice limit, will not be billed."
"bad89c18-8340-4c29-aaf1-8edc94af6a41","OSBS_001.tickPlot.tck","OSBS_001","2017-07-17T16:12Z","2017-12-17T17:00Z","OSBS_001.20170717","OSBS_001.20170717.AMBAME.M","Amblyomma americanum","AMBAME","species","Ixodidae",NA,NA,NA,"Amblyomma",NA,"americanum",NA,NA,"Cooley, R. A. and G. M. Kohls. 1944. The genus Amblyomma (ixodidae) in the United States. The Journal of Parasitology, 30(2):77-111.","GSU_tickIdentification_SOP_2016-11-01.pdf","Linnaeus","Male",3,"OK","90% ethanol","USNMENT01358579","OSBS_001.20170717.01.AMBAME.M","Lorenza Beati","Georgia Southern University",""
"a10e0f4a-91b5-433d-a63d-d6e3b87e46c1","OSBS_001.tickPlot.tck","OSBS_001","2017-07-17T16:12Z","2017-12-17T17:00Z","OSBS_001.20170717","OSBS_001.20170717.AMBAME.N","Amblyomma americanum","AMBAME","species","Ixodidae",NA,NA,NA,"Amblyomma",NA,"americanum",NA,NA,"Cooley, R. A. and G. M. Kohls. 1944. The genus Amblyomma (ixodidae) in the United States. The Journal of Parasitology, 30(2):77-111.","GSU_tickIdentification_SOP_2016-11-01.pdf","Linnaeus","Nymph",7,"OK","90% ethanol","USNMENT01358580","OSBS_001.20170717.01.AMBAME.N","Lorenza Beati","Georgia Southern University",""
"43ff4435-9a06-4c46-aab1-9b7ca62d565f","OSBS_005.tickPlot.tck","OSBS_005","2017-07-17T16:50Z","2017-12-17T17:00Z","OSBS_005.20170717","OSBS_005.20170717.AMBAME.M","Amblyomma americanum","AMBAME","species","Ixodidae",NA,NA,NA,"Amblyomma",NA,"americanum",NA,NA,"Cooley, R. A. and G. M. Kohls. 1944. The genus Amblyomma (ixodidae) in the United States. The Journal of Parasitology, 30(2):77-111.","GSU_tickIdentification_SOP_2016-11-01.pdf","Linnaeus","Male",5,"OK","90% ethanol","USNMENT01358575","OSBS_005.20170717.01.AMBAME.M","Lorenza Beati","Georgia Southern University",""
"a6b484fb-a2b6-4371-a5dc-263869529e37","OSBS_005.tickPlot.tck","OSBS_005","2017-07-17T16:50Z","2017-12-17T17:00Z","OSBS_005.20170717","OSBS_005.20170717.IXOSCA.M","Ixodes scapularis","IXOSCA","species","Ixodidae",NA,NA,NA,"Ixodes",NA,"scapularis",NA,NA,"Cooley, R. A. and G. M. Kohls. 1945. The genus Ixodes in North America. National Institute of Health Bulletin, 184.","GSU_tickIdentification_SOP_2016-11-01.pdf","Say","Male",1,"OK","90% ethanol","USNMENT01358577","OSBS_005.20170717.01.IXOSCA.M","Lorenza Beati","Georgia Southern University",""
"dcf17fc1-2682-4a7b-9d1e-5d046911dfc1","OSBS_005.tickPlot.tck","OSBS_005","2017-07-17T16:50Z","2017-12-17T17:00Z","OSBS_005.20170717","OSBS_005.20170717.AMBAME.F","Amblyomma americanum","AMBAME","species","Ixodidae",NA,NA,NA,"Amblyomma",NA,"americanum",NA,NA,"Cooley, R. A. and G. M. Kohls. 1944. The genus Amblyomma (ixodidae) in the United States. The Journal of Parasitology, 30(2):77-111.","GSU_tickIdentification_SOP_2016-11-01.pdf","Linnaeus","Female",5,"OK","90% ethanol","USNMENT01358574","OSBS_005.20170717.01.AMBAME.F","Lorenza Beati","Georgia Southern University","TO PAULA"
"62f73c2f-1116-47b8-aec3-5dda319dcfd9","OSBS_005.tickPlot.tck","OSBS_005","2017-07-17T16:50Z","2017-12-17T17:00Z","OSBS_005.20170717","OSBS_005.20170717.AMBAME.N","Amblyomma americanum","AMBAME","species","Ixodidae",NA,NA,NA,"Amblyomma",NA,"americanum",NA,NA,"Cooley, R. A. and G. M. Kohls. 1944. The genus Amblyomma (ixodidae) in the United States. The Journal of Parasitology, 30(2):77-111.","GSU_tickIdentification_SOP_2016-11-01.pdf","Linnaeus","Nymph",51,"OK","90% ethanol","USNMENT01358576","OSBS_005.20170717.01.AMBAME.N","Lorenza Beati","Georgia Southern University",""
"612ccefb-bb03-49d8-877e-e5bf4b87fafb","OSBS_003.tickPlot.tck","OSBS_003","2017-08-08T14:43Z","2017-12-17T17:00Z","OSBS_003.20170808","OSBS_003.20170808.AMBAME.F","Amblyomma americanum","AMBAME","species","Ixodidae",NA,NA,NA,"Amblyomma",NA,"americanum",NA,NA,"Cooley, R. A. and G. M. Kohls. 1944. The genus Amblyomma (ixodidae) in the United States. The Journal of Parasitology, 30(2):77-111.","GSU_tickIdentification_SOP_2016-11-01.pdf","Linnaeus","Female",3,"OK","90% ethanol","USNMENT01358551","OSBS_003.20170808.01.AMBAME.F","Lorenza Beati","Georgia Southern University",""
"295f95e4-b96a-4fce-a363-cb5a47f98bf9","OSBS_003.tickPlot.tck","OSBS_003","2017-08-08T14:43Z","2017-09-17T16:00Z","OSBS_003.20170808","OSBS_003.20170808.AMBAME.M","Amblyomma americanum","AMBAME","species","Ixodidae",NA,NA,NA,"Amblyomma",NA,"americanum",NA,NA,"Cooley, R. A. and G. M. Kohls. 1944. The genus Amblyomma (ixodidae) in the United States. The Journal of Parasitology, 30(2):77-111.","GSU_tickIdentification_SOP_2016-11-01.pdf","Linnaeus","Male",1,"OK","90% ethanol","USNMENT01358552","OSBS_003.20170808.01.AMBAME.M","Guy Hobbs","Georgia Southern University","Over invoice limit, will not be billed."
"9b6ce417-2d0b-41ce-81fb-43fb18f3092e","OSBS_003.tickPlot.tck","OSBS_003","2017-08-08T14:43Z","2017-09-17T16:00Z","OSBS_003.20170808","OSBS_003.20170808.IXOSP.L","Ixodidae sp.","IXOSP","family","Ixodidae",NA,NA,NA,"",NA,"sp.",NA,NA,"","GSU_tickIdentification_SOP_2016-11-01.pdf","","Larva",1,"OK","90% ethanol","USNMENT01358554","OSBS_003.20170808.01.L","Guy Hobbs","Georgia Southern University","Over invoice limit, will not be billed."
"36016303-f411-473c-a5e7-5a87f18fd437","OSBS_003.tickPlot.tck","OSBS_003","2017-08-08T14:43Z","2017-12-17T17:00Z","OSBS_003.20170808","OSBS_003.20170808.AMBAME.N","Amblyomma americanum","AMBAME","species","Ixodidae",NA,NA,NA,"Amblyomma",NA,"americanum",NA,NA,"Cooley, R. A. and G. M. Kohls. 1944. The genus Amblyomma (ixodidae) in the United States. The Journal of Parasitology, 30(2):77-111.","GSU_tickIdentification_SOP_2016-11-01.pdf","Linnaeus","Nymph",21,"OK","90% ethanol","USNMENT01358553","OSBS_003.20170808.01.AMBAME.N","Lorenza Beati","Georgia Southern University",""
"eeb65840-ca0d-4c48-a1f3-5d50352cb26c","OSBS_004.tickPlot.tck","OSBS_004","2017-08-08T16:47Z","2017-09-17T16:00Z","OSBS_004.20170808","OSBS_004.20170808.AMBSP.N","Amblyomma sp.","AMBSP","genus","Ixodidae",NA,NA,NA,"Amblyomma",NA,"sp.",NA,NA,"","GSU_tickIdentification_SOP_2016-11-01.pdf","","Nymph",1,"OK","90% ethanol","USNMENT01358545","OSBS_004.20170808.01.AMB.N","Guy Hobbs","Georgia Southern University","Over invoice limit, will not be billed."
"4d764a71-eca4-4e6c-beae-fa399fc6c047","OSBS_004.tickPlot.tck","OSBS_004","2017-08-08T16:47Z","2017-09-17T16:00Z","OSBS_004.20170808","OSBS_004.20170808.IXOSP.L","Ixodidae sp.","IXOSP","family","Ixodidae",NA,NA,NA,"",NA,"sp.",NA,NA,"","GSU_tickIdentification_SOP_2016-11-01.pdf","","Larva",1,"OK","90% ethanol","USNMENT01358546","OSBS_004.20170808.01.L","Guy Hobbs","Georgia Southern University",""
"91c685bd-755b-4df7-92c1-91ea86fa4dbf","OSBS_005.tickPlot.tck","OSBS_005","2017-08-08T18:42Z","2017-12-17T17:00Z","OSBS_005.20170808","OSBS_005.20170808.AMBAME.N","Amblyomma americanum","AMBAME","species","Ixodidae",NA,NA,NA,"Amblyomma",NA,"americanum",NA,NA,"Cooley, R. A. and G. M. Kohls. 1944. The genus Amblyomma (ixodidae) in the United States. The Journal of Parasitology, 30(2):77-111.","GSU_tickIdentification_SOP_2016-11-01.pdf","Linnaeus","Nymph",18,"OK","90% ethanol","USNMENT01358549","OSBS_005.20170808.01.AMBAME.N","Lorenza Beati","Georgia Southern University",""
"95492325-2524-4ea1-b568-c46940217f22","OSBS_005.tickPlot.tck","OSBS_005","2017-08-08T18:42Z","2017-09-17T16:00Z","OSBS_005.20170808","OSBS_005.20170808.IXOSP.L","Ixodidae sp.","IXOSP","family","Ixodidae",NA,NA,NA,"",NA,"sp.",NA,NA,"","GSU_tickIdentification_SOP_2016-11-01.pdf","","Larva",1,"OK","90% ethanol","USNMENT01358550","OSBS_005.20170808.01.L","Guy Hobbs","Georgia Southern University","add RML"
"e0a2fe61-e4e7-4727-96d5-b7dcd18714de","OSBS_005.tickPlot.tck","OSBS_005","2017-08-08T18:42Z","2017-12-17T17:00Z","OSBS_005.20170808","OSBS_005.20170808.AMBAME.F","Amblyomma americanum","AMBAME","species","Ixodidae",NA,NA,NA,"Amblyomma",NA,"americanum",NA,NA,"Cooley, R. A. and G. M. Kohls. 1944. The genus Amblyomma (ixodidae) in the United States. The Journal of Parasitology, 30(2):77-111.","GSU_tickIdentification_SOP_2016-11-01.pdf","Linnaeus","Female",5,"OK","90% ethanol","USNMENT01358547","OSBS_005.20170808.01.AMBAME.F","Lorenza Beati","Georgia Southern University",""
"5efa915e-6848-4408-b7b9-9273321c158a","OSBS_005.tickPlot.tck","OSBS_005","2017-08-08T18:42Z","2017-09-17T16:00Z","OSBS_005.20170808","OSBS_005.20170808.AMBAME.M","Amblyomma americanum","AMBAME","species","Ixodidae",NA,NA,NA,"Amblyomma",NA,"americanum",NA,NA,"Cooley, R. A. and G. M. Kohls. 1944. The genus Amblyomma (ixodidae) in the United States. The Journal of Parasitology, 30(2):77-111.","GSU_tickIdentification_SOP_2016-11-01.pdf","Linnaeus","Male",1,"OK","90% ethanol","USNMENT01358548","OSBS_005.20170808.01.AMBAME.M","Guy Hobbs","Georgia Southern University","Over invoice limit, will not be billed."
"91e89b6a-d66f-4f55-8fc6-09c860f3f36e","OSBS_005.tickPlot.tck","OSBS_005","2017-08-24T04:36Z","2017-10-13T16:00Z","OSBS_005.20170824","OSBS_005.20170824.IXOSP.L","Ixodidae sp.","IXOSP","family","Ixodidae",NA,NA,NA,"",NA,"sp.",NA,NA,"","GSU_tickIdentification_SOP_2016-11-01.pdf","","Larva",1,"OK","90% ethanol","USNMENT01358781","OSBS_005.20170824.02.L","Arianna Gibbs","Georgia Southern University",""
"38103753-c22e-4b2b-847c-049ac0ddf9c6","OSBS_005.tickPlot.tck","OSBS_005","2017-08-24T04:36Z","2017-12-13T17:00Z","OSBS_005.20170824","OSBS_005.20170824.AMBAME.F","Amblyomma americanum","AMBAME","species","Ixodidae",NA,NA,NA,"Amblyomma",NA,"americanum",NA,NA,"Cooley, R. A. and G. M. Kohls. 1944. The genus Amblyomma (ixodidae) in the United States. The Journal of Parasitology, 30(2):77-111.","GSU_tickIdentification_SOP_2016-11-01.pdf","Linnaeus","Female",3,"OK","90% ethanol","USNMENT01358777","OSBS_005.20170824.01.AMBAME.F","Lorenza Beati","Georgia Southern University",""
"f9f56284-a87d-4208-b780-13649d3de782","OSBS_005.tickPlot.tck","OSBS_005","2017-08-24T04:36Z","2017-12-13T17:00Z","OSBS_005.20170824","OSBS_005.20170824.AMBAME.N","Amblyomma americanum","AMBAME","species","Ixodidae",NA,NA,NA,"Amblyomma",NA,"americanum",NA,NA,"Cooley, R. A. and G. M. Kohls. 1944. The genus Amblyomma (ixodidae) in the United States. The Journal of Parasitology, 30(2):77-111.","GSU_tickIdentification_SOP_2016-11-01.pdf","Linnaeus","Nymph",39,"OK","90% ethanol","USNMENT01358776","OSBS_005.20170824.01.AMBAME.N","Lorenza Beati","Georgia Southern University",""
"3ed27d1d-0c28-4c67-a37c-3085bf705391","OSBS_001.tickPlot.tck","OSBS_001","2017-08-24T14:59Z","2017-12-13T17:00Z","OSBS_001.20170824","OSBS_001.20170824.DERVAR.F","Dermacentor variabilis","DERVAR","species","Ixodidae",NA,NA,NA,"Dermacentor",NA,"variabilis",NA,NA,"Yunker, C. E., Keirans, J. E., Clifford, C. M., and E. R. Easton. 1986. Dermacentor ticks (Acari: Ixodoidea: Ixodidae) of the New World: a scanning electron microscope atlas. Proceedings of the Entomological Society of Washington, 88(4):609-627.","GSU_tickIdentification_SOP_2016-11-01.pdf","Say","Female",2,"OK","90% ethanol","USNMENT01358779","OSBS_001.20170824.01.DERVAR.F","Lorenza Beati","Georgia Southern University",""
"64ca0504-1b7e-48c5-978d-aabbf24bd69e","OSBS_001.tickPlot.tck","OSBS_001","2017-08-24T14:59Z","2017-12-13T17:00Z","OSBS_001.20170824","OSBS_001.20170824.IXOSP.N","Ixodidae sp.","IXOSP","family","Ixodidae",NA,NA,NA,"",NA,"sp.",NA,NA,"","GSU_tickIdentification_SOP_2016-11-01.pdf","","Nymph",17,"OK","90% ethanol","USNMENT01358778","OSBS_001.20170824.01.N","Lorenza Beati","Georgia Southern University",""
"8d8fd5d0-cbd2-4d79-8b21-834fd76f4c69","OSBS_001.tickPlot.tck","OSBS_001","2017-08-24T14:59Z","2017-10-14T16:00Z","OSBS_001.20170824","OSBS_001.20170824.IXOSP.L","Ixodidae sp.","IXOSP","family","Ixodidae",NA,NA,NA,"",NA,"sp.",NA,NA,"","GSU_tickIdentification_SOP_2016-11-01.pdf","","Larva",1,"OK","90% ethanol","USNMENT01358795","OSBS_001.20170824.02.L","Arianna Gibbs","Georgia Southern University","Over invoice limit, will not be billed."
"59fb4069-f157-41e6-9c5e-2402dab00ff1","OSBS_001.tickPlot.tck","OSBS_001","2017-08-24T14:59Z","2017-12-13T17:00Z","OSBS_001.20170824","OSBS_001.20170824.AMBAME.F","Amblyomma americanum","AMBAME","species","Ixodidae",NA,NA,NA,"Amblyomma",NA,"americanum",NA,NA,"Cooley, R. A. and G. M. Kohls. 1944. The genus Amblyomma (ixodidae) in the United States. The Journal of Parasitology, 30(2):77-111.","GSU_tickIdentification_SOP_2016-11-01.pdf","Linnaeus","Female",1,"OK","90% ethanol","USNMENT01358780","OSBS_001.20170824.01.AMBAME.F","Lorenza Beati","Georgia Southern University",""
"f03237b3-b365-4b7b-ad7a-610aea051262","OSBS_022.tickPlot.tck","OSBS_022","2017-08-24T16:00Z","2017-12-10T17:00Z","OSBS_022.20170824","OSBS_022.20170824.DERVAR.F","Dermacentor variabilis","DERVAR","species","Ixodidae",NA,NA,NA,"Dermacentor",NA,"variabilis",NA,NA,"Yunker, C. E., Keirans, J. E., Clifford, C. M., and E. R. Easton. 1986. Dermacentor ticks (Acari: Ixodoidea: Ixodidae) of the New World: a scanning electron microscope atlas. Proceedings of the Entomological Society of Washington, 88(4):609-627.","GSU_tickIdentification_SOP_2016-11-01.pdf","Say","Female",2,"OK","90% ethanol","USNMENT01358752","OSBS_022.20170824.01.DERVAR.F","Lorenza Beati","Georgia Southern University",""
"07e73612-0fa3-48cc-878d-b05f7a9115c2","OSBS_003.tickPlot.tck","OSBS_003","2017-09-20T14:14Z","2017-12-13T17:00Z","OSBS_003.20170920","OSBS_003.20170920.AMBAME.N","Amblyomma americanum","AMBAME","species","Ixodidae",NA,NA,NA,"Amblyomma",NA,"americanum",NA,NA,"Cooley, R. A. and G. M. Kohls. 1944. The genus Amblyomma (ixodidae) in the United States. The Journal of Parasitology, 30(2):77-111.","GSU_tickIdentification_SOP_2016-11-01.pdf","Linnaeus","Nymph",21,"OK","90% ethanol","USNMENT01358784","OSBS_003.20170920.01.AMBAME.N","Lorenza Beati","Georgia Southern University",""
"2647e7ef-2e9f-4473-9b16-078645807b67","OSBS_003.tickPlot.tck","OSBS_003","2017-09-20T14:14Z","2017-10-13T16:00Z","OSBS_003.20170920","OSBS_003.20170920.IXOSP.L","Ixodidae sp.","IXOSP","family","Ixodidae",NA,NA,NA,"",NA,"sp.",NA,NA,"","GSU_tickIdentification_SOP_2016-11-01.pdf","","Larva",1,"OK","90% ethanol","USNMENT01358783","OSBS_003.20170920.02.L","Arianna Gibbs","Georgia Southern University","Over invoice limit, will not be billed."
"9dd2f0ae-f8e1-46c1-9ff7-0b91a1dc185e","OSBS_001.tickPlot.tck","OSBS_001","2017-09-20T16:24Z","2017-12-13T17:00Z","OSBS_001.20170920","OSBS_001.20170920.AMBAME.F","Amblyomma americanum","AMBAME","species","Ixodidae",NA,NA,NA,"Amblyomma",NA,"americanum",NA,NA,"Cooley, R. A. and G. M. Kohls. 1944. The genus Amblyomma (ixodidae) in the United States. The Journal of Parasitology, 30(2):77-111.","GSU_tickIdentification_SOP_2016-11-01.pdf","Linnaeus","Female",1,"OK","90% ethanol","USNMENT01358785","OSBS_001.20170920.01.AMBAME.F","Lorenza Beati","Georgia Southern University",""
"aefd5a2f-151a-41cb-8e01-3efb1d26af0c","OSBS_001.tickPlot.tck","OSBS_001","2017-09-20T16:24Z","2017-10-13T16:00Z","OSBS_001.20170920","OSBS_001.20170920.IXOSP.N","Ixodidae sp.","IXOSP","family","Ixodidae",NA,NA,NA,"",NA,"sp.",NA,NA,"","GSU_tickIdentification_SOP_2016-11-01.pdf","","Nymph",11,"OK","90% ethanol","USNMENT01358786","OSBS_001.20170920.01.N","Arianna Gibbs","Georgia Southern University","Over invoice limit, will not be billed."
"144a9d2c-fa38-49da-8666-3e006db00917","OSBS_001.tickPlot.tck","OSBS_001","2017-09-20T16:24Z","2017-10-14T16:00Z","OSBS_001.20170920","OSBS_001.20170920.IXOSP.L","Ixodidae sp.","IXOSP","family","Ixodidae",NA,NA,NA,"",NA,"sp.",NA,NA,"","GSU_tickIdentification_SOP_2016-11-01.pdf","","Larva",1,"OK","90% ethanol","USNMENT01358794","OSBS_001.20170920.02.L","Arianna Gibbs","Georgia Southern University","Over invoice limit, will not be billed."
"5ea2003a-0c0a-47c0-9c7e-1fd30e7c3a49","OSBS_001.tickPlot.tck","OSBS_001","2018-03-13T18:43Z","2018-09-26T16:00Z","OSBS_001.20180313","OSBS_001.20180313.AMBAME.N","Amblyomma americanum","AMBAME","species","Ixodidae",NA,NA,NA,"Amblyomma",NA,"americanum",NA,NA,"Cooley, R. A. and G. M. Kohls. 1944. The genus Amblyomma (ixodidae) in the United States. The Journal of Parasitology, 30(2):77-111.","GSU_tickIdentification_SOP_2016-11-01.pdf","Linnaeus","Nymph",3,"OK","90% ethanol","USNMENT01482185",NA,"Lorenza Beati","Georgia Southern University",NA
"b73d3af6-a8ce-462c-b5c7-97ac0916d107","OSBS_001.tickPlot.tck","OSBS_001","2018-03-13T18:43Z","2018-09-13T16:00Z","OSBS_001.20180313","OSBS_001.20180313.AMBAME.M","Amblyomma americanum","AMBAME","species","Ixodidae",NA,NA,NA,"Amblyomma",NA,"americanum",NA,NA,"Cooley, R. A. and G. M. Kohls. 1944. The genus Amblyomma (ixodidae) in the United States. The Journal of Parasitology, 30(2):77-111.","GSU_tickIdentification_SOP_2016-11-01.pdf","Linnaeus","Male",1,"OK","90% ethanol","USNMENT01482186",NA,"Arianna Gibbs","Georgia Southern University",NA
"6b0fa388-65d7-4397-bd0e-e8737a125068","OSBS_048.tickPlot.tck","OSBS_048","2018-04-05T17:33Z","2018-09-26T16:00Z","OSBS_048.20180405","OSBS_048.20180405.AMBAME.F","Amblyomma americanum","AMBAME","species","Ixodidae",NA,NA,NA,"Amblyomma",NA,"americanum",NA,NA,"Cooley, R. A. and G. M. Kohls. 1944. The genus Amblyomma (ixodidae) in the United States. The Journal of Parasitology, 30(2):77-111.","GSU_tickIdentification_SOP_2016-11-01.pdf","Linnaeus","Female",2,"OK","90% ethanol","USNMENT01482166",NA,"Lorenza Beati","Georgia Southern University",NA
"3d7f8da4-4b28-42c3-b2b8-05896e0ea67a","OSBS_048.tickPlot.tck","OSBS_048","2018-04-05T17:33Z","2018-09-26T16:00Z","OSBS_048.20180405","OSBS_048.20180405.AMBAME.N","Amblyomma americanum","AMBAME","species","Ixodidae",NA,NA,NA,"Amblyomma",NA,"americanum",NA,NA,"Cooley, R. A. and G. M. Kohls. 1944. The genus Amblyomma (ixodidae) in the United States. The Journal of Parasitology, 30(2):77-111.","GSU_tickIdentification_SOP_2016-11-01.pdf","Linnaeus","Nymph",3,"OK","90% ethanol","USNMENT01482161",NA,"Lorenza Beati","Georgia Southern University",NA
"d05b8cc9-94fd-4908-9010-23705d27718d","OSBS_001.tickPlot.tck","OSBS_001","2018-04-05T19:40Z","2018-09-26T16:00Z","OSBS_001.20180405","OSBS_001.20180405.AMBAME.M","Amblyomma americanum","AMBAME","species","Ixodidae",NA,NA,NA,"Amblyomma",NA,"americanum",NA,NA,"Cooley, R. A. and G. M. Kohls. 1944. The genus Amblyomma (ixodidae) in the United States. The Journal of Parasitology, 30(2):77-111.","GSU_tickIdentification_SOP_2016-11-01.pdf","Linnaeus","Male",2,"OK","90% ethanol","USNMENT01482159",NA,"Lorenza Beati","Georgia Southern University",NA
"66dda3b2-5ca9-44ee-ab34-f093f43eab2b","OSBS_001.tickPlot.tck","OSBS_001","2018-04-05T19:40Z","2018-09-26T16:00Z","OSBS_001.20180405","OSBS_001.20180405.AMBAME.F","Amblyomma americanum","AMBAME","species","Ixodidae",NA,NA,NA,"Amblyomma",NA,"americanum",NA,NA,"Cooley, R. A. and G. M. Kohls. 1944. The genus Amblyomma (ixodidae) in the United States. The Journal of Parasitology, 30(2):77-111.","GSU_tickIdentification_SOP_2016-11-01.pdf","Linnaeus","Female",4,"OK","90% ethanol","USNMENT01482146",NA,"Lorenza Beati","Georgia Southern University",NA
"16f79a8d-364a-4970-a6cb-f8fe11c317df","OSBS_001.tickPlot.tck","OSBS_001","2018-04-05T19:40Z","2018-09-26T16:00Z","OSBS_001.20180405","OSBS_001.20180405.AMBAME.N","Amblyomma americanum","AMBAME","species","Ixodidae",NA,NA,NA,"Amblyomma",NA,"americanum",NA,NA,"Cooley, R. A. and G. M. Kohls. 1944. The genus Amblyomma (ixodidae) in the United States. The Journal of Parasitology, 30(2):77-111.","GSU_tickIdentification_SOP_2016-11-01.pdf","Linnaeus","Nymph",35,"OK","90% ethanol","USNMENT01482077",NA,"Lorenza Beati","Georgia Southern University",NA
"12531c0c-1939-4f03-a5ae-09c2dc991331","OSBS_005.tickPlot.tck","OSBS_005","2018-04-05T20:59Z","2018-09-19T16:00Z","OSBS_005.20180405","OSBS_005.20180405.AMBAME.M","Amblyomma americanum","AMBAME","species","Ixodidae",NA,NA,NA,"Amblyomma",NA,"americanum",NA,NA,"Cooley, R. A. and G. M. Kohls. 1944. The genus Amblyomma (ixodidae) in the United States. The Journal of Parasitology, 30(2):77-111.","GSU_tickIdentification_SOP_2016-11-01.pdf","Linnaeus","Male",2,"OK","90% ethanol","USNMENT01482215",NA,"Arianna Gibbs","Georgia Southern University",NA
"1fd68e3e-b6ab-4a87-b82d-f49363b3ed7f","OSBS_005.tickPlot.tck","OSBS_005","2018-04-05T20:59Z","2018-09-26T16:00Z","OSBS_005.20180405","OSBS_005.20180405.AMBAME.N","Amblyomma americanum","AMBAME","species","Ixodidae",NA,NA,NA,"Amblyomma",NA,"americanum",NA,NA,"Cooley, R. A. and G. M. Kohls. 1944. The genus Amblyomma (ixodidae) in the United States. The Journal of Parasitology, 30(2):77-111.","GSU_tickIdentification_SOP_2016-11-01.pdf","Linnaeus","Nymph",20,"OK","90% ethanol","USNMENT01482216",NA,"Lorenza Beati","Georgia Southern University",NA
"304a1563-be70-4afc-bc14-7c7586969a85","OSBS_048.tickPlot.tck","OSBS_048","2018-04-24T14:58Z","2018-09-26T16:00Z","OSBS_048.20180424","OSBS_048.20180424.AMBAME.N","Amblyomma americanum","AMBAME","species","Ixodidae",NA,NA,NA,"Amblyomma",NA,"americanum",NA,NA,"Cooley, R. A. and G. M. Kohls. 1944. The genus Amblyomma (ixodidae) in the United States. The Journal of Parasitology, 30(2):77-111.","GSU_tickIdentification_SOP_2016-11-01.pdf","Linnaeus","Nymph",5,"OK","90% ethanol","USNMENT01482204",NA,"Lorenza Beati","Georgia Southern University",NA
"ece785a0-afb2-4067-a0bd-be38766b4313","OSBS_001.tickPlot.tck","OSBS_001","2018-04-24T15:50Z","2018-09-26T16:00Z","OSBS_001.20180424","OSBS_001.20180424.AMBAME.N","Amblyomma americanum","AMBAME","species","Ixodidae",NA,NA,NA,"Amblyomma",NA,"americanum",NA,NA,"Cooley, R. A. and G. M. Kohls. 1944. The genus Amblyomma (ixodidae) in the United States. The Journal of Parasitology, 30(2):77-111.","GSU_tickIdentification_SOP_2016-11-01.pdf","Linnaeus","Nymph",47,"OK","90% ethanol","USNMENT01482207",NA,"Lorenza Beati","Georgia Southern University",NA
"31186e0a-18fe-4eee-834f-9c963892679f","OSBS_001.tickPlot.tck","OSBS_001","2018-04-24T15:50Z","2018-09-19T16:00Z","OSBS_001.20180424","OSBS_001.20180424.L","Ixodida sp.","IXOSP2","order","",NA,NA,NA,"",NA,"sp.",NA,NA,"","GSU_tickIdentification_SOP_2016-11-01.pdf","","Larva",11,"OK","90% ethanol","USNMENT01482208",NA,"Arianna Gibbs","Georgia Southern University",NA
"25f683a2-7393-4fa8-a28d-d2b7610fae5c","OSBS_001.tickPlot.tck","OSBS_001","2018-04-24T15:50Z","2018-09-19T16:00Z","OSBS_001.20180424","OSBS_001.20180424.AMBAME.F","Amblyomma americanum","AMBAME","species","Ixodidae",NA,NA,NA,"Amblyomma",NA,"americanum",NA,NA,"Cooley, R. A. and G. M. Kohls. 1944. The genus Amblyomma (ixodidae) in the United States. The Journal of Parasitology, 30(2):77-111.","GSU_tickIdentification_SOP_2016-11-01.pdf","Linnaeus","Female",2,"OK","90% ethanol","USNMENT01482206",NA,"Arianna Gibbs","Georgia Southern University",NA
"636a7308-a42d-4564-aa04-1d2270f5dfd1","OSBS_001.tickPlot.tck","OSBS_001","2018-04-24T15:50Z","2018-09-19T16:00Z","OSBS_001.20180424","OSBS_001.20180424.AMBAME.M","Amblyomma americanum","AMBAME","species","Ixodidae",NA,NA,NA,"Amblyomma",NA,"americanum",NA,NA,"Cooley, R. A. and G. M. Kohls. 1944. The genus Amblyomma (ixodidae) in the United States. The Journal of Parasitology, 30(2):77-111.","GSU_tickIdentification_SOP_2016-11-01.pdf","Linnaeus","Male",4,"OK","90% ethanol","USNMENT01482205",NA,"Arianna Gibbs","Georgia Southern University",NA
"7639a638-80b9-48ee-a3fd-1b421d97f7df","OSBS_004.tickPlot.tck","OSBS_004","2018-05-22T14:35Z","2018-09-26T16:00Z","OSBS_004.20180522","OSBS_004.20180522.AMBAME.N","Amblyomma americanum","AMBAME","species","Ixodidae",NA,NA,NA,"Amblyomma",NA,"americanum",NA,NA,"Cooley, R. A. and G. M. Kohls. 1944. The genus Amblyomma (ixodidae) in the United States. The Journal of Parasitology, 30(2):77-111.","GSU_tickIdentification_SOP_2016-11-01.pdf","Linnaeus","Nymph",1,"OK","90% ethanol","USNMENT01482201",NA,"Lorenza Beati","Georgia Southern University",NA
"6606f5cf-ae4f-417c-abea-884f6fb0d0fe","OSBS_048.tickPlot.tck","OSBS_048","2018-05-22T15:20Z","2018-09-26T16:00Z","OSBS_048.20180522","OSBS_048.20180522.AMBAME.N","Amblyomma americanum","AMBAME","species","Ixodidae",NA,NA,NA,"Amblyomma",NA,"americanum",NA,NA,"Cooley, R. A. and G. M. Kohls. 1944. The genus Amblyomma (ixodidae) in the United States. The Journal of Parasitology, 30(2):77-111.","GSU_tickIdentification_SOP_2016-11-01.pdf","Linnaeus","Nymph",2,"OK","90% ethanol","USNMENT01482199",NA,"Lorenza Beati","Georgia Southern University",NA
"3aed2ceb-367b-48ab-b280-ce07574cec5e","OSBS_048.tickPlot.tck","OSBS_048","2018-05-22T15:20Z","2018-09-19T16:00Z","OSBS_048.20180522","OSBS_048.20180522.AMBAME.F","Amblyomma americanum","AMBAME","species","Ixodidae",NA,NA,NA,"Amblyomma",NA,"americanum",NA,NA,"Cooley, R. A. and G. M. Kohls. 1944. The genus Amblyomma (ixodidae) in the United States. The Journal of Parasitology, 30(2):77-111.","GSU_tickIdentification_SOP_2016-11-01.pdf","Linnaeus","Female",1,"OK","90% ethanol","USNMENT01482200",NA,"Arianna Gibbs","Georgia Southern University",NA
"e8f7942a-c4b1-42bc-93e6-1cfa30153619","OSBS_001.tickPlot.tck","OSBS_001","2018-05-23T14:30Z","2018-09-19T16:00Z","OSBS_001.20180523","OSBS_001.20180523.L","Ixodida sp.","IXOSP2","order","",NA,NA,NA,"",NA,"sp.",NA,NA,"","GSU_tickIdentification_SOP_2016-11-01.pdf","","Larva",22,"OK","90% ethanol","USNMENT01482196",NA,"Arianna Gibbs","Georgia Southern University",NA
"f10a5da7-7c70-424f-991a-b9537a3bf754","OSBS_001.tickPlot.tck","OSBS_001","2018-05-23T14:30Z","2018-09-19T16:00Z","OSBS_001.20180523","OSBS_001.20180523.AMBAME.F","Amblyomma americanum","AMBAME","species","Ixodidae",NA,NA,NA,"Amblyomma",NA,"americanum",NA,NA,"Cooley, R. A. and G. M. Kohls. 1944. The genus Amblyomma (ixodidae) in the United States. The Journal of Parasitology, 30(2):77-111.","GSU_tickIdentification_SOP_2016-11-01.pdf","Linnaeus","Female",6,"OK","90% ethanol","USNMENT01428197",NA,"Arianna Gibbs","Georgia Southern University",NA
"5e593f68-6761-4e28-8a26-5e15eb28aa71","OSBS_001.tickPlot.tck","OSBS_001","2018-05-23T14:30Z","2018-09-26T16:00Z","OSBS_001.20180523","OSBS_001.20180523.AMBAME.N","Amblyomma americanum","AMBAME","species","Ixodidae",NA,NA,NA,"Amblyomma",NA,"americanum",NA,NA,"Cooley, R. A. and G. M. Kohls. 1944. The genus Amblyomma (ixodidae) in the United States. The Journal of Parasitology, 30(2):77-111.","GSU_tickIdentification_SOP_2016-11-01.pdf","Linnaeus","Nymph",24,"OK","90% ethanol","USNMENT01428195",NA,"Lorenza Beati","Georgia Southern University",NA
"36b0c391-5615-4c99-87fc-184951bf9e6d","OSBS_001.tickPlot.tck","OSBS_001","2018-05-23T14:30Z","2018-09-19T16:00Z","OSBS_001.20180523","OSBS_001.20180523.AMBAME.M","Amblyomma americanum","AMBAME","species","Ixodidae",NA,NA,NA,"Amblyomma",NA,"americanum",NA,NA,"Cooley, R. A. and G. M. Kohls. 1944. The genus Amblyomma (ixodidae) in the United States. The Journal of Parasitology, 30(2):77-111.","GSU_tickIdentification_SOP_2016-11-01.pdf","Linnaeus","Male",5,"OK","90% ethanol","USNMENT01482198",NA,"Arianna Gibbs","Georgia Southern University",NA
"cdad3364-a8e0-47bd-a342-8efeb65c4533","OSBS_004.tickPlot.tck","OSBS_004","2018-06-07T17:19Z","2018-09-26T16:00Z","OSBS_004.20180607","OSBS_004.20180607.AMBAME.N","Amblyomma americanum","AMBAME","species","Ixodidae",NA,NA,NA,"Amblyomma",NA,"americanum",NA,NA,"Cooley, R. A. and G. M. Kohls. 1944. The genus Amblyomma (ixodidae) in the United States. The Journal of Parasitology, 30(2):77-111.","GSU_tickIdentification_SOP_2016-11-01.pdf","Linnaeus","Nymph",1,"OK","90% ethanol","USNMENT01482187",NA,"Lorenza Beati","Georgia Southern University",NA
"01597e4d-37b5-4fed-96f1-b60cded3e41d","OSBS_048.tickPlot.tck","OSBS_048","2018-06-07T18:11Z","2018-09-26T16:00Z","OSBS_048.20180607","OSBS_048.20180607.AMBAME.N","Amblyomma americanum","AMBAME","species","Ixodidae",NA,NA,NA,"Amblyomma",NA,"americanum",NA,NA,"Cooley, R. A. and G. M. Kohls. 1944. The genus Amblyomma (ixodidae) in the United States. The Journal of Parasitology, 30(2):77-111.","GSU_tickIdentification_SOP_2016-11-01.pdf","Linnaeus","Nymph",1,"OK","90% ethanol","USNMENT01482188",NA,"Lorenza Beati","Georgia Southern University",NA
"c8683434-71f4-413e-a610-aef785edfcac","OSBS_048.tickPlot.tck","OSBS_048","2018-06-07T18:11Z","2018-09-13T16:00Z","OSBS_048.20180607","OSBS_048.20180607.AMBAME.F","Amblyomma americanum","AMBAME","species","Ixodidae",NA,NA,NA,"Amblyomma",NA,"americanum",NA,NA,"Cooley, R. A. and G. M. Kohls. 1944. The genus Amblyomma (ixodidae) in the United States. The Journal of Parasitology, 30(2):77-111.","GSU_tickIdentification_SOP_2016-11-01.pdf","Linnaeus","Female",1,"OK","90% ethanol","USNMENT01482189",NA,"Arianna Gibbs","Georgia Southern University",NA
"e9d99476-d3d2-497d-8a8d-bccc6fda2dc9","OSBS_001.tickPlot.tck","OSBS_001","2018-06-07T19:42Z","2018-09-26T16:00Z","OSBS_001.20180607","OSBS_001.20180607.AMBAME.M","Amblyomma americanum","AMBAME","species","Ixodidae",NA,NA,NA,"Amblyomma",NA,"americanum",NA,NA,"Cooley, R. A. and G. M. Kohls. 1944. The genus Amblyomma (ixodidae) in the United States. The Journal of Parasitology, 30(2):77-111.","GSU_tickIdentification_SOP_2016-11-01.pdf","Linnaeus","Male",4,"OK","90% ethanol","USNMENT01482192",NA,"Lorenza Beati","Georgia Southern University",NA
"5e713a30-3c7e-4f95-a6e2-ecff923df5bd","OSBS_001.tickPlot.tck","OSBS_001","2018-06-07T19:42Z","2018-09-13T16:00Z","OSBS_001.20180607","OSBS_001.20180607.AMBMAC.F","Amblyomma maculatum","AMBMAC","species","Ixodidae",NA,NA,NA,"Amblyomma",NA,"maculatum",NA,NA,"Cooley, R. A. and G. M. Kohls. 1944. The genus Amblyomma (ixodidae) in the United States. The Journal of Parasitology, 30(2):77-111.","GSU_tickIdentification_SOP_2016-11-01.pdf","Koch","Female",1,"OK","90% ethanol","USNMENT01482191",NA,"Arianna Gibbs","Georgia Southern University",NA
"609296b6-4a76-490c-a061-20415b3924e1","OSBS_001.tickPlot.tck","OSBS_001","2018-06-07T19:42Z","2018-09-26T16:00Z","OSBS_001.20180607","OSBS_001.20180607.AMBAME.N","Amblyomma americanum","AMBAME","species","Ixodidae",NA,NA,NA,"Amblyomma",NA,"americanum",NA,NA,"Cooley, R. A. and G. M. Kohls. 1944. The genus Amblyomma (ixodidae) in the United States. The Journal of Parasitology, 30(2):77-111.","GSU_tickIdentification_SOP_2016-11-01.pdf","Linnaeus","Nymph",22,"OK","90% ethanol","USNMENT01482190",NA,"Lorenza Beati","Georgia Southern University",NA
"49750196-66c5-4642-923f-234befa398b4","OSBS_048.tickPlot.tck","OSBS_048","2018-06-28T15:05Z","2018-09-19T16:00Z","OSBS_048.20180628","OSBS_048.20180628.L","Ixodida sp.","IXOSP2","order","",NA,NA,NA,"",NA,"sp.",NA,NA,"","GSU_tickIdentification_SOP_2016-11-01.pdf","","Larva",2,"OK","90% ethanol","USNMENT01482214",NA,"Arianna Gibbs","Georgia Southern University",NA
"8b2077ee-4ca8-4d25-9e63-fbbc4f0468cf","OSBS_048.tickPlot.tck","OSBS_048","2018-06-28T15:05Z","2018-09-26T16:00Z","OSBS_048.20180628","OSBS_048.20180628.AMBAME.N","Amblyomma americanum","AMBAME","species","Ixodidae",NA,NA,NA,"Amblyomma",NA,"americanum",NA,NA,"Cooley, R. A. and G. M. Kohls. 1944. The genus Amblyomma (ixodidae) in the United States. The Journal of Parasitology, 30(2):77-111.","GSU_tickIdentification_SOP_2016-11-01.pdf","Linnaeus","Nymph",2,"OK","90% ethanol","USNMENT01482213",NA,"Lorenza Beati","Georgia Southern University",NA
"974632b0-4702-444d-827e-c1316550f1e8","OSBS_001.tickPlot.tck","OSBS_001","2018-06-28T17:24Z","2018-09-19T16:00Z","OSBS_001.20180628","OSBS_001.20180628.AMBAME.F","Amblyomma americanum","AMBAME","species","Ixodidae",NA,NA,NA,"Amblyomma",NA,"americanum",NA,NA,"Cooley, R. A. and G. M. Kohls. 1944. The genus Amblyomma (ixodidae) in the United States. The Journal of Parasitology, 30(2):77-111.","GSU_tickIdentification_SOP_2016-11-01.pdf","Linnaeus","Female",4,"OK","90% ethanol","USNMENT01482209",NA,"Arianna Gibbs","Georgia Southern University",NA
"eec18ecc-5053-4854-9b7d-b28e0ff0fc75","OSBS_001.tickPlot.tck","OSBS_001","2018-06-28T17:24Z","2018-09-26T16:00Z","OSBS_001.20180628","OSBS_001.20180628.AMBAME.N","Amblyomma americanum","AMBAME","species","Ixodidae",NA,NA,NA,"Amblyomma",NA,"americanum",NA,NA,"Cooley, R. A. and G. M. Kohls. 1944. The genus Amblyomma (ixodidae) in the United States. The Journal of Parasitology, 30(2):77-111.","GSU_tickIdentification_SOP_2016-11-01.pdf","Linnaeus","Nymph",32,"OK","90% ethanol","USNMENT01482211",NA,"Lorenza Beati","Georgia Southern University",NA
"9cfdc968-1738-4601-9791-96334c98812a","OSBS_001.tickPlot.tck","OSBS_001","2018-06-28T17:24Z","2018-09-19T16:00Z","OSBS_001.20180628","OSBS_001.20180628.L","Ixodida sp.","IXOSP2","order","",NA,NA,NA,"",NA,"sp.",NA,NA,"","GSU_tickIdentification_SOP_2016-11-01.pdf","","Larva",8,"OK","90% ethanol","USNMENT01482212",NA,"Arianna Gibbs","Georgia Southern University",NA
"03db996d-09ff-4361-ac6f-1ed123acde59","OSBS_001.tickPlot.tck","OSBS_001","2018-06-28T17:24Z","2018-09-19T16:00Z","OSBS_001.20180628","OSBS_001.20180628.AMBAME.M","Amblyomma americanum","AMBAME","species","Ixodidae",NA,NA,NA,"Amblyomma",NA,"americanum",NA,NA,"Cooley, R. A. and G. M. Kohls. 1944. The genus Amblyomma (ixodidae) in the United States. The Journal of Parasitology, 30(2):77-111.","GSU_tickIdentification_SOP_2016-11-01.pdf","Linnaeus","Male",2,"OK","90% ethanol","USNMENT01482210",NA,"Arianna Gibbs","Georgia Southern University",NA
"c1cde1e0-50a8-415c-9be5-1b0c1e587849","OSBS_048.tickPlot.tck","OSBS_048","2018-07-17T14:33Z","2018-09-19T16:00Z","OSBS_048.20180717","OSBS_048.20180717.AMBAME.M","Amblyomma americanum","AMBAME","species","Ixodidae",NA,NA,NA,"Amblyomma",NA,"americanum",NA,NA,"Cooley, R. A. and G. M. Kohls. 1944. The genus Amblyomma (ixodidae) in the United States. The Journal of Parasitology, 30(2):77-111.","GSU_tickIdentification_SOP_2016-11-01.pdf","Linnaeus","Male",2,"OK","90% ethanol","USNMENT01482203",NA,"Arianna Gibbs","Georgia Southern University",NA
"24d64c04-ca16-47d4-a551-261d12f3fd87","OSBS_048.tickPlot.tck","OSBS_048","2018-07-17T14:33Z","2018-09-26T16:00Z","OSBS_048.20180717","OSBS_048.20180717.AMBAME.N","Amblyomma americanum","AMBAME","species","Ixodidae",NA,NA,NA,"Amblyomma",NA,"americanum",NA,NA,"Cooley, R. A. and G. M. Kohls. 1944. The genus Amblyomma (ixodidae) in the United States. The Journal of Parasitology, 30(2):77-111.","GSU_tickIdentification_SOP_2016-11-01.pdf","Linnaeus","Nymph",4,"OK","90% ethanol","USNMENT01482202",NA,"Lorenza Beati","Georgia Southern University",NA
"df53a155-6c29-42fb-bf4b-6032d9761590","OSBS_048.tickPlot.tck","OSBS_048","2018-08-09T14:25Z","2018-10-04T16:00Z","OSBS_048.20180809","OSBS_048.20180809.AMBAME.F","Amblyomma americanum","AMBAME","species","Ixodidae",NA,NA,NA,"Amblyomma",NA,"americanum",NA,NA,"Cooley, R. A. and G. M. Kohls. 1944. The genus Amblyomma (ixodidae) in the United States. The Journal of Parasitology, 30(2):77-111.","GSU_tickIdentification_SOP_2016-11-01.pdf","Linnaeus","Female",1,"OK","90% ethanol","USNMENT01482301",NA,"Lorenza Beati","Georgia Southern University",NA
"bab18e8d-cadb-40cb-954d-ebbe2d282257","OSBS_001.tickPlot.tck","OSBS_001","2018-08-09T16:05Z","2018-10-04T16:00Z","OSBS_001.20180809","OSBS_001.20180809.AMBAME.M","Amblyomma americanum","AMBAME","species","Ixodidae",NA,NA,NA,"Amblyomma",NA,"americanum",NA,NA,"Cooley, R. A. and G. M. Kohls. 1944. The genus Amblyomma (ixodidae) in the United States. The Journal of Parasitology, 30(2):77-111.","GSU_tickIdentification_SOP_2016-11-01.pdf","Linnaeus","Male",4,"OK","90% ethanol","USNMENT01482172",NA,"Lorenza Beati","Georgia Southern University",NA
"3e9ce5a6-1461-43b9-9c5a-89a3f433dd77","OSBS_001.tickPlot.tck","OSBS_001","2018-08-09T16:05Z","2018-10-04T16:00Z","OSBS_001.20180809","OSBS_001.20180809.AMBAME.N","Amblyomma americanum","AMBAME","species","Ixodidae",NA,NA,NA,"Amblyomma",NA,"americanum",NA,NA,"Cooley, R. A. and G. M. Kohls. 1944. The genus Amblyomma (ixodidae) in the United States. The Journal of Parasitology, 30(2):77-111.","GSU_tickIdentification_SOP_2016-11-01.pdf","Linnaeus","Nymph",45,"OK","90% ethanol","USNMENT01482147",NA,"Lorenza Beati","Georgia Southern University",NA
"d80e25af-ef7c-4fa4-9a06-887285483c2b","OSBS_001.tickPlot.tck","OSBS_001","2018-08-09T16:05Z","2018-10-04T16:00Z","OSBS_001.20180809","OSBS_001.20180809.L","Ixodida sp.","IXOSP2","order","",NA,NA,NA,"",NA,"sp.",NA,NA,"","GSU_tickIdentification_SOP_2016-11-01.pdf","","Larva",224,"OK","90% ethanol","USNMENT01482351",NA,"Arianna Gibbs","Georgia Southern University",NA
"987c6b67-0893-4226-9f15-ff4606201076","OSBS_001.tickPlot.tck","OSBS_001","2018-08-09T16:05Z","2018-10-04T16:00Z","OSBS_001.20180809","OSBS_001.20180809.AMBAME.F","Amblyomma americanum","AMBAME","species","Ixodidae",NA,NA,NA,"Amblyomma",NA,"americanum",NA,NA,"Cooley, R. A. and G. M. Kohls. 1944. The genus Amblyomma (ixodidae) in the United States. The Journal of Parasitology, 30(2):77-111.","GSU_tickIdentification_SOP_2016-11-01.pdf","Linnaeus","Female",6,"OK","90% ethanol","USNMENT01482167",NA,"Lorenza Beati","Georgia Southern University",NA
"e696deb9-6b83-4c48-9842-f6d1e07751fb","OSBS_001.tickPlot.tck","OSBS_001","2018-08-31T18:59Z","2018-10-04T16:00Z","OSBS_001.20180831","OSBS_001.20180831.AMBAME.M","Amblyomma americanum","AMBAME","species","Ixodidae",NA,NA,NA,"Amblyomma",NA,"americanum",NA,NA,"Cooley, R. A. and G. M. Kohls. 1944. The genus Amblyomma (ixodidae) in the United States. The Journal of Parasitology, 30(2):77-111.","GSU_tickIdentification_SOP_2016-11-01.pdf","Linnaeus","Male",3,"OK","90% ethanol","USNMENT01482158",NA,"Lorenza Beati","Georgia Southern University",NA
"4e241bed-a35c-4155-83f0-509c515a2ffa","OSBS_001.tickPlot.tck","OSBS_001","2018-08-31T18:59Z","2018-10-04T16:00Z","OSBS_001.20180831","OSBS_001.20180831.AMBAME.N","Amblyomma americanum","AMBAME","species","Ixodidae",NA,NA,NA,"Amblyomma",NA,"americanum",NA,NA,"Cooley, R. A. and G. M. Kohls. 1944. The genus Amblyomma (ixodidae) in the United States. The Journal of Parasitology, 30(2):77-111.","GSU_tickIdentification_SOP_2016-11-01.pdf","Linnaeus","Nymph",38,"OK","90% ethanol","USNMENT01482153",NA,"Lorenza Beati","Georgia Southern University",NA
"3e5a9bee-e54f-4cd4-b3df-6133201f6477","OSBS_001.tickPlot.tck","OSBS_001","2018-08-31T18:59Z","2018-10-04T16:00Z","OSBS_001.20180831","OSBS_001.20180831.L","Ixodida sp.","IXOSP2","order","",NA,NA,NA,"",NA,"sp.",NA,NA,"","GSU_tickIdentification_SOP_2016-11-01.pdf","","Larva",274,"OK","90% ethanol","USNMENT01482350",NA,"Arianna Gibbs","Georgia Southern University",NA
"37bc1623-a8b2-4a31-a4ce-30d6baffd327","OSBS_001.tickPlot.tck","OSBS_001","2018-08-31T18:59Z","2018-10-04T16:00Z","OSBS_001.20180831","OSBS_001.20180831.AMBAME.F","Amblyomma americanum","AMBAME","species","Ixodidae",NA,NA,NA,"Amblyomma",NA,"americanum",NA,NA,"Cooley, R. A. and G. M. Kohls. 1944. The genus Amblyomma (ixodidae) in the United States. The Journal of Parasitology, 30(2):77-111.","GSU_tickIdentification_SOP_2016-11-01.pdf","Linnaeus","Female",3,"OK","90% ethanol","USNMENT01482148",NA,"Lorenza Beati","Georgia Southern University",NA
"f3fa7bc9-6352-4214-9366-3a557b47ef47","OSBS_004.tickPlot.tck","OSBS_004","2018-09-18T15:44Z","2018-10-04T16:00Z","OSBS_004.20180918","OSBS_004.20180918.AMBAME.N","Amblyomma americanum","AMBAME","species","Ixodidae",NA,NA,NA,"Amblyomma",NA,"americanum",NA,NA,"Cooley, R. A. and G. M. Kohls. 1944. The genus Amblyomma (ixodidae) in the United States. The Journal of Parasitology, 30(2):77-111.","GSU_tickIdentification_SOP_2016-11-01.pdf","Linnaeus","Nymph",2,"OK","90% ethanol","USNMENT01482245",NA,"Lorenza Beati","Georgia Southern University",NA
"0f759995-291c-4485-a935-ae7eef9c8f94","OSBS_001.tickPlot.tck","OSBS_001","2018-09-18T16:33Z","2018-10-04T16:00Z","OSBS_001.20180918","OSBS_001.20180918.L","Ixodida sp.","IXOSP2","order","",NA,NA,NA,"",NA,"sp.",NA,NA,"","GSU_tickIdentification_SOP_2016-11-01.pdf","","Larva",207,"OK","90% ethanol","USNMENT01482352",NA,"Arianna Gibbs","Georgia Southern University",NA
"2b0aa424-5bca-4ea5-9966-63cfc848a353","OSBS_001.tickPlot.tck","OSBS_001","2018-09-18T16:33Z","2018-10-04T16:00Z","OSBS_001.20180918","OSBS_001.20180918.AMBAME.M","Amblyomma americanum","AMBAME","species","Ixodidae",NA,NA,NA,"Amblyomma",NA,"americanum",NA,NA,"Cooley, R. A. and G. M. Kohls. 1944. The genus Amblyomma (ixodidae) in the United States. The Journal of Parasitology, 30(2):77-111.","GSU_tickIdentification_SOP_2016-11-01.pdf","Linnaeus","Male",1,"OK","90% ethanol","USNMENT01482270",NA,"Lorenza Beati","Georgia Southern University",NA
"3f45b233-479a-4c5e-acb3-24357e81c14a","OSBS_001.tickPlot.tck","OSBS_001","2018-09-18T16:33Z","2018-10-04T16:00Z","OSBS_001.20180918","OSBS_001.20180918.AMBAME.F","Amblyomma americanum","AMBAME","species","Ixodidae",NA,NA,NA,"Amblyomma",NA,"americanum",NA,NA,"Cooley, R. A. and G. M. Kohls. 1944. The genus Amblyomma (ixodidae) in the United States. The Journal of Parasitology, 30(2):77-111.","GSU_tickIdentification_SOP_2016-11-01.pdf","Linnaeus","Female",1,"OK","90% ethanol","USNMENT01482295",NA,"Lorenza Beati","Georgia Southern University",NA
"09d6eebd-355e-40b7-8746-77b00048375e","OSBS_001.tickPlot.tck","OSBS_001","2018-09-18T16:33Z","2018-10-04T16:00Z","OSBS_001.20180918","OSBS_001.20180918.AMBAME.N","Amblyomma americanum","AMBAME","species","Ixodidae",NA,NA,NA,"Amblyomma",NA,"americanum",NA,NA,"Cooley, R. A. and G. M. Kohls. 1944. The genus Amblyomma (ixodidae) in the United States. The Journal of Parasitology, 30(2):77-111.","GSU_tickIdentification_SOP_2016-11-01.pdf","Linnaeus","Nymph",36,"OK","90% ethanol","USNMENT01482256",NA,"Lorenza Beati","Georgia Southern University",NA
