"uid","namedLocation","domainID","siteID","startCollectDate","endCollectDate","archiveID","archiveIDCode","archiveVialIDList","archiveSampleCode","archivedCount","archiveMedium","archiveFacilityID","deprecatedVialID"
"6c1d2f71-129c-4ca3-b80b-3283deda36e7","BART_086.mosquitoPoint.mos","D01","BART","2017-04-24T22:40Z","2017-04-25T12:26Z","BART.2017.17.ANOPUN.F.A",NA,"BART.2017.17.ANOPUN.F.A.01",NA,1,"Frozen -80C",NA,NA
"b1769a0e-1ae5-477d-b876-bafd459791a2","BART","D01","BART","2017-05-22T20:22Z","2017-05-24T11:54Z","BART.2017.21.AEDINT.F.A",NA,"BART.2017.21.AEDINT.F.A.01",NA,97,"Frozen -80C",NA,NA
"6f51641b-8b73-4e24-99f6-182962deb3cc","BART","D01","BART","2017-05-22T20:48Z","2017-05-24T11:54Z","BART.2017.21.AEDSPP.F.A",NA,"BART.2017.21.AEDSPP.F.A.01",NA,20,"Frozen -80C",NA,NA
"e565b9f7-c8bc-4f4a-8ed4-210690311ae9","BART_086.mosquitoPoint.mos","D01","BART","2017-05-23T12:24Z","2017-05-23T22:01Z","BART.2017.21.AEDPRO.F.A",NA,"BART.2017.21.AEDPRO.F.A.01",NA,1,"Frozen -80C",NA,NA
"e233b30f-f135-4b60-a0dd-db1703b53bb1","BART_055.mosquitoPoint.mos","D01","BART","2017-05-23T21:02Z","2017-05-24T11:17Z","BART.2017.21.ANOPUN.F.A",NA,"BART.2017.21.ANOPUN.F.A.01",NA,1,"Frozen -80C",NA,NA
"d28f6860-038b-4ff8-b262-155f40b060cc","BART","D01","BART","2017-06-19T20:34Z","2017-06-21T11:24Z","BART.2017.25.AEDSPP.F.A",NA,"BART.2017.25.AEDSPP.F.A.01",NA,382,"Frozen -80C",NA,NA
"2030f91e-282b-4acf-9698-9cb56d4bf6e0","BART_085.mosquitoPoint.mos","D01","BART","2017-06-19T20:45Z","2017-06-20T10:29Z","BART.2017.25.CULSPP3.F.A",NA,"BART.2017.25.CULSPP3.F.A.01",NA,1,"Frozen -80C",NA,NA
"ac4d8344-46d1-47c2-b094-a6259ba4effe","BART","D01","BART","2017-06-19T20:52Z","2017-06-21T10:58Z","BART.2017.25.AEDSTI.F.A",NA,"BART.2017.25.AEDSTI.F.A.01",NA,2,"Frozen -80C",NA,NA
"e1432707-7f07-4200-8e61-686eaba4a65c","BART_086.mosquitoPoint.mos","D01","BART","2017-06-19T21:37Z","2017-06-20T11:32Z","BART.2017.25.AEDCIN.F.A",NA,"BART.2017.25.AEDCIN.F.A.01",NA,1,"Frozen -80C",NA,NA
"b08f80db-5bef-4428-9d2a-e33856de1662","BART_086.mosquitoPoint.mos","D01","BART","2017-06-19T21:37Z","2017-06-21T11:24Z","BART.2017.25.AEDFIT.F.A",NA,"BART.2017.25.AEDFIT.F.A.01",NA,9,"Frozen -80C",NA,NA
"8466f307-2efe-42e8-a231-d76f347577ef","BART","D01","BART","2017-06-19T21:37Z","2017-06-21T11:24Z","BART.2017.25.AEDPRO.F.A",NA,"BART.2017.25.AEDPRO.F.A.01",NA,13,"Frozen -80C",NA,NA
"66a20260-1c57-44dd-85dc-f8cb9a39b3fa","BART","D01","BART","2017-06-19T21:37Z","2017-06-21T11:24Z","BART.2017.25.AEDINT.F.A",NA,"BART.2017.25.AEDINT.F.A.01",NA,18,"Frozen -80C",NA,NA
"5ad7a2dc-4d3a-4460-97d8-fdc4d209a6b0","BART","D01","BART","2017-06-20T21:25Z","2017-06-21T11:24Z","BART.2017.25.COQPER.F.A",NA,"BART.2017.25.COQPER.F.A.01",NA,2,"Frozen -80C",NA,NA
"1d469d29-ae39-414e-a73e-2b6b6309a15d","BART","D01","BART","2017-07-17T22:35Z","2017-07-18T11:56Z","BART.2017.29.CULRES.F.A",NA,"BART.2017.29.CULRES.F.A.01",NA,4,"Frozen -80C",NA,NA
"5c9736d6-1e9b-4ece-b87f-bb99290d6949","BART","D01","BART","2017-07-17T22:35Z","2017-07-18T21:18Z","BART.2017.29.AEDPUN.F.A",NA,"BART.2017.29.AEDPUN.F.A.01",NA,7,"Frozen -80C",NA,NA
"9e144532-ea0c-4849-8560-d0735383271a","BART","D01","BART","2017-07-17T22:35Z","2017-07-19T11:57Z","BART.2017.29.AEDSPP.F.A",NA,"BART.2017.29.AEDSPP.F.A.01",NA,55,"Frozen -80C",NA,NA
"ba6c67a1-ed89-425e-a192-272928e24019","BART","D01","BART","2017-07-17T22:35Z","2017-07-19T11:57Z","BART.2017.29.COQPER.F.A",NA,"BART.2017.29.COQPER.F.A.01",NA,103,"Frozen -80C",NA,NA
"3b30bdb8-4238-4042-9527-c12fca9b16c1","BART","D01","BART","2017-07-17T22:35Z","2017-07-19T11:57Z","BART.2017.29.AEDTRI.F.A",NA,"BART.2017.29.AEDTRI.F.A.01",NA,47,"Frozen -80C",NA,NA
"54ff412f-920e-427d-b411-ace9dd3e351e","BART_085.mosquitoPoint.mos","D01","BART","2017-07-17T22:40Z","2017-07-18T11:09Z","BART.2017.29.CULMOR.F.A",NA,"BART.2017.29.CULMOR.F.A.01",NA,3,"Frozen -80C",NA,NA
"ecb3a7ec-f613-4625-b235-386351bf4c2c","BART_085.mosquitoPoint.mos","D01","BART","2017-07-17T22:40Z","2017-07-18T11:09Z","BART.2017.29.CULIMP.F.A",NA,"BART.2017.29.CULIMP.F.A.01",NA,5,"Frozen -80C",NA,NA
"8c52f80e-bd4a-4662-94ca-8121a801db85","BART","D01","BART","2017-07-17T22:40Z","2017-07-18T21:39Z","BART.2017.29.AEDINT.F.A",NA,"BART.2017.29.AEDINT.F.A.01",NA,2,"Frozen -80C",NA,NA
"0e5854ac-6403-4f11-97cc-ad9c5d1265a2","BART","D01","BART","2017-07-17T22:44Z","2017-07-19T11:43Z","BART.2017.29.ANOPUN.F.A",NA,"BART.2017.29.ANOPUN.F.A.01",NA,3,"Frozen -80C",NA,NA
"41be69d7-b9fd-4818-a55d-af3a897de91c","BART","D01","BART","2017-07-17T22:44Z","2017-07-19T11:47Z","BART.2017.29.AEDVEX.F.A",NA,"BART.2017.29.AEDVEX.F.A.01",NA,3,"Frozen -80C",NA,NA
"72ff9705-cfa1-464e-bc8a-ca0a8812f175","BART","D01","BART","2017-07-17T22:44Z","2017-07-19T11:57Z","BART.2017.29.AEDSTI.F.A",NA,"BART.2017.29.AEDSTI.F.A.01",NA,8,"Frozen -80C",NA,NA
"54919ba1-e531-48cc-8340-2138cb767249","BART","D01","BART","2017-07-17T23:12Z","2017-07-18T21:20Z","BART.2017.29.AEDTRI1.F.A",NA,"BART.2017.29.AEDTRI1.F.A.01",NA,6,"Frozen -80C",NA,NA
"b656d9d3-7e5b-4d4d-833f-1b15571d881f","BART_086.mosquitoPoint.mos","D01","BART","2017-07-17T23:30Z","2017-07-18T12:08Z","BART.2017.29.AEDCIN.F.A",NA,"BART.2017.29.AEDCIN.F.A.01",NA,1,"Frozen -80C",NA,NA
"ab6736a4-42eb-4248-b472-685423711f51","BART_086.mosquitoPoint.mos","D01","BART","2017-07-18T12:08Z","2017-07-19T11:57Z","BART.2017.29.AEDFIT.F.A",NA,"BART.2017.29.AEDFIT.F.A.01",NA,2,"Frozen -80C",NA,NA
"58aea314-8c25-43ef-a04f-50f0e3a2f541","BART_086.mosquitoPoint.mos","D01","BART","2017-07-18T21:40Z","2017-07-19T11:57Z","BART.2017.29.AEDPRO.F.A",NA,"BART.2017.29.AEDPRO.F.A.01",NA,2,"Frozen -80C",NA,NA
"b4c87674-2d40-4b05-87f2-fd914b333ea9","BART","D01","BART","2017-08-14T21:40Z","2017-08-16T11:53Z","BART.2017.33.AEDTRI1.F.A",NA,"BART.2017.33.AEDTRI1.F.A.01",NA,18,"Frozen -80C",NA,NA
"d7aa766a-a481-4b4d-8ef5-b8c4991c5897","BART","D01","BART","2017-08-14T21:40Z","2017-08-16T12:09Z","BART.2017.33.COQPER.F.A",NA,"BART.2017.33.COQPER.F.A.01",NA,45,"Frozen -80C",NA,NA
"1ebf0b22-573d-4ad3-89fa-121484798c94","BART","D01","BART","2017-08-14T21:52Z","2017-08-16T12:09Z","BART.2017.33.AEDTRI.F.A",NA,"BART.2017.33.AEDTRI.F.A.01",NA,60,"Frozen -80C",NA,NA
"c0ba5cac-b4ab-4f76-b865-1837d44425af","BART","D01","BART","2017-08-14T22:00Z","2017-08-16T12:09Z","BART.2017.33.AEDSTI.F.A",NA,"BART.2017.33.AEDSTI.F.A.01",NA,16,"Frozen -80C",NA,NA
"e772ebdc-85b7-4769-b045-142f271cafa6","BART","D01","BART","2017-08-14T22:19Z","2017-08-16T12:09Z","BART.2017.33.ANOPUN.F.A",NA,"BART.2017.33.ANOPUN.F.A.01",NA,9,"Frozen -80C",NA,NA
"e2d803f5-927e-42a7-8930-9bf403922d33","BART","D01","BART","2017-08-14T22:55Z","2017-08-15T13:24Z","BART.2017.33.AEDVEX.F.A",NA,"BART.2017.33.AEDVEX.F.A.01",NA,3,"Frozen -80C",NA,NA
"d87e8dcf-e761-4ac1-bab0-6df8d5cb3160","BART_086.mosquitoPoint.mos","D01","BART","2017-08-14T23:13Z","2017-08-15T13:24Z","BART.2017.33.AEDCOM.F.A",NA,"BART.2017.33.AEDCOM.F.A.01",NA,1,"Frozen -80C",NA,NA
"aaa4311a-2000-4068-a35a-1c5e15ec3f47","BART_086.mosquitoPoint.mos","D01","BART","2017-08-14T23:13Z","2017-08-15T22:09Z","BART.2017.33.AEDCIN.F.A",NA,"BART.2017.33.AEDCIN.F.A.01",NA,2,"Frozen -80C",NA,NA
"4e48ab4d-dd97-47b7-8206-f90fb2c1ad80","BART","D01","BART","2017-08-14T23:13Z","2017-08-16T11:53Z","BART.2017.33.AEDFIT.F.A",NA,"BART.2017.33.AEDFIT.F.A.01",NA,4,"Frozen -80C",NA,NA
"577d394b-e329-44d4-a80e-2cdcdbdf081b","BART","D01","BART","2017-08-14T23:13Z","2017-08-16T12:09Z","BART.2017.33.AEDSPP.F.A",NA,"BART.2017.33.AEDSPP.F.A.01",NA,11,"Frozen -80C",NA,NA
"d0ee8c89-f872-4bec-960d-153b0ff2e1f8","BART_086.mosquitoPoint.mos","D01","BART","2017-08-14T23:13Z","2017-08-16T12:09Z","BART.2017.33.AEDDIA.F.A",NA,"BART.2017.33.AEDDIA.F.A.01",NA,5,"Frozen -80C",NA,NA
"8b3510da-8005-4122-a84f-f754cd405e2b","BART","D01","BART","2017-09-11T19:20Z","2017-09-13T11:46Z","BART.2017.37.AEDTRI.F.A",NA,"BART.2017.37.AEDTRI.F.A.01",NA,7,"Frozen -80C",NA,NA
"24114ab0-a293-4de7-804c-14a84cd6e0ae","BART","D01","BART","2017-09-11T19:37Z","2017-09-13T12:43Z","BART.2017.37.AEDTRI1.F.A",NA,"BART.2017.37.AEDTRI1.F.A.01",NA,48,"Frozen -80C",NA,NA
"4be67437-0099-4bfb-b596-5015295ac830","BART_057.mosquitoPoint.mos","D01","BART","2017-09-11T20:10Z","2017-09-12T12:58Z","BART.2017.37.AEDFIT.F.A",NA,"BART.2017.37.AEDFIT.F.A.01",NA,2,"Frozen -80C",NA,NA
"4b909a57-7774-470c-bb30-1251abf49472","BART_086.mosquitoPoint.mos","D01","BART","2017-09-12T12:08Z","2017-09-13T11:46Z","BART.2017.37.AEDSPP.F.A",NA,"BART.2017.37.AEDSPP.F.A.01",NA,5,"Frozen -80C",NA,NA
"74953d42-bdaa-4f63-9aab-af5bd6f9fa53","BART_055.mosquitoPoint.mos","D01","BART","2017-09-12T12:53Z","2017-09-12T19:48Z","BART.2017.37.PSOFER.F.A",NA,"BART.2017.37.PSOFER.F.A.01",NA,1,"Frozen -80C",NA,NA
"6d27ce25-6b0e-415f-a77d-a832c6556d2c","BART_058.mosquitoPoint.mos","D01","BART","2017-09-12T13:10Z","2017-09-12T20:04Z","BART.2017.37.ANOPUN.F.A",NA,"BART.2017.37.ANOPUN.F.A.01",NA,1,"Frozen -80C",NA,NA
"9812b2cb-1878-48d1-8a7f-23b85aaf7efb","BART_085.mosquitoPoint.mos","D01","BART","2017-10-10T11:08Z","2017-10-10T19:54Z","BART.2017.41.CULERR.F.A",NA,"BART.2017.41.CULERR.F.A.01",NA,1,"Frozen -80C",NA,NA
"eba3afe0-6def-4304-abc1-1df0bc8e8772","BART_086.mosquitoPoint.mos","D01","BART","2017-10-10T11:58Z","2017-10-10T20:44Z","BART.2017.41.AEDVEX.F.A",NA,"BART.2017.41.AEDVEX.F.A.01",NA,1,"Frozen -80C",NA,NA
"6049cb1c-f104-41d5-aa02-086084cf9847","BART_056.mosquitoPoint.mos","D01","BART","2017-10-10T19:50Z","2017-10-11T11:03Z","BART.2017.41.AEDTRI1.F.A",NA,"BART.2017.41.AEDTRI1.F.A.01",NA,1,"Frozen -80C",NA,NA
"9f71a74d-2205-4be9-8148-32e7661559b0","BLAN","D02","BLAN","2017-03-27T19:54Z","2017-03-28T14:07Z","BLAN.2017.13.ANOQUA.F.A",NA,"BLAN.2017.13.ANOQUA.F.A.01",NA,4,"Frozen -80C",NA,NA
"3498538b-7a73-4b86-a72c-470068c0d542","BLAN_022.mosquitoPoint.mos","D02","BLAN","2017-04-24T20:50Z","2017-04-25T13:02Z","BLAN.2017.17.CULSAL.F.A",NA,"BLAN.2017.17.CULSAL.F.A.01",NA,1,"Frozen -80C",NA,NA
"813d81bb-9545-47a1-8f55-92f255000057","BLAN_025.mosquitoPoint.mos","D02","BLAN","2017-04-25T13:26Z","2017-04-25T21:21Z","BLAN.2017.17.AEDVEX.F.A",NA,"BLAN.2017.17.AEDVEX.F.A.01",NA,1,"Frozen -80C",NA,NA
"16165f30-87ae-4ad8-aa9d-ab6c0588898c","BLAN_026.mosquitoPoint.mos","D02","BLAN","2017-04-25T13:50Z","2017-04-26T13:46Z","BLAN.2017.17.AEDTRI.F.A",NA,"BLAN.2017.17.AEDTRI.F.A.01",NA,5,"Frozen -80C",NA,NA
"4dc6f263-3e58-4414-a445-51bf38177293","BLAN","D02","BLAN","2017-05-22T22:21Z","2017-05-24T14:19Z","BLAN.2017.21.AEDSPP.F.A",NA,"BLAN.2017.21.AEDSPP.F.A.01",NA,10,"Frozen -80C",NA,NA
"1dd66524-bfee-4161-98a3-b423d1405358","BLAN_065.mosquitoPoint.mos","D02","BLAN","2017-05-22T22:31Z","2017-05-23T12:50Z","BLAN.2017.21.CULSPP3.F.A",NA,"BLAN.2017.21.CULSPP3.F.A.01",NA,1,"Frozen -80C",NA,NA
"ae5342ef-1022-4b0d-ba1e-92275408da86","BLAN_029.mosquitoPoint.mos","D02","BLAN","2017-05-22T22:37Z","2017-05-23T12:56Z","BLAN.2017.21.CULRES.F.A",NA,"BLAN.2017.21.CULRES.F.A.01",NA,1,"Frozen -80C",NA,NA
"36aa06ab-51ab-4d74-bcf1-dc6f61df9e47","BLAN_029.mosquitoPoint.mos","D02","BLAN","2017-05-22T22:37Z","2017-05-23T12:56Z","BLAN.2017.21.COQPER.F.A",NA,"BLAN.2017.21.COQPER.F.A.01",NA,1,"Frozen -80C",NA,NA
"71fb7743-fe97-4186-8bb7-73cf55b29dd8","BLAN_029.mosquitoPoint.mos","D02","BLAN","2017-05-23T21:25Z","2017-05-24T13:40Z","BLAN.2017.21.CULSAL.F.A",NA,"BLAN.2017.21.CULSAL.F.A.01",NA,4,"Frozen -80C",NA,NA
"cf5b0a10-54a3-4dca-817c-6439a3db553a","BLAN_027.mosquitoPoint.mos","D02","BLAN","2017-06-19T21:15Z","2017-06-20T11:45Z","BLAN.2017.25.CULPIP.F.A",NA,"BLAN.2017.25.CULPIP.F.A.01",NA,1,"Frozen -80C",NA,NA
"deaedb3a-d271-482f-83c7-3f4d7e3c8df2","BLAN","D02","BLAN","2017-06-19T21:15Z","2017-06-21T12:36Z","BLAN.2017.25.AEDTRI.F.A",NA,"BLAN.2017.25.AEDTRI.F.A.01",NA,6,"Frozen -80C",NA,NA
"e06d96de-879d-438b-8bf1-f4a8d3e0ee8f","BLAN","D02","BLAN","2017-06-19T21:33Z","2017-06-21T13:12Z","BLAN.2017.25.AEDSPP.F.A",NA,"BLAN.2017.25.AEDSPP.F.A.01",NA,24,"Frozen -80C",NA,NA
"737b02d6-b570-4b8f-9b39-2cc66560188b","BLAN_025.mosquitoPoint.mos","D02","BLAN","2017-06-19T21:55Z","2017-06-20T12:18Z","BLAN.2017.25.AEDINT.F.A",NA,"BLAN.2017.25.AEDINT.F.A.01",NA,1,"Frozen -80C",NA,NA
"333eba65-d54e-4ee6-976c-0491fab165f7","BLAN_065.mosquitoPoint.mos","D02","BLAN","2017-06-19T22:07Z","2017-06-20T12:26Z","BLAN.2017.25.CULSPP3.F.A",NA,"BLAN.2017.25.CULSPP3.F.A.01",NA,1,"Frozen -80C",NA,NA
"eb402082-5a72-445f-b992-43f8394a26f4","BLAN_026.mosquitoPoint.mos","D02","BLAN","2017-06-19T22:34Z","2017-06-20T12:36Z","BLAN.2017.25.CULERR.F.A",NA,"BLAN.2017.25.CULERR.F.A.01",NA,1,"Frozen -80C",NA,NA
"95351d8d-dad7-452a-9a3a-56d988080571","BLAN","D02","BLAN","2017-06-19T22:45Z","2017-06-21T12:36Z","BLAN.2017.25.AEDTRI1.F.A",NA,"BLAN.2017.25.AEDTRI1.F.A.01",NA,7,"Frozen -80C",NA,NA
"87f82d3f-5106-4689-a3c2-55a8600397b0","BLAN_025.mosquitoPoint.mos","D02","BLAN","2017-06-20T22:42Z","2017-06-21T12:36Z","BLAN.2017.25.AEDALB.F.A",NA,"BLAN.2017.25.AEDALB.F.A.01",NA,1,"Frozen -80C",NA,NA
"d5a011a9-d3ff-4d0a-befe-391d94134def","BLAN_065.mosquitoPoint.mos","D02","BLAN","2017-06-20T22:48Z","2017-06-21T12:46Z","BLAN.2017.25.CULSAL.F.A",NA,"BLAN.2017.25.CULSAL.F.A.01",NA,1,"Frozen -80C",NA,NA
"b4c495da-c8fb-4238-bd02-db80a5702932","BLAN_023.mosquitoPoint.mos","D02","BLAN","2017-06-20T23:03Z","2017-06-21T13:04Z","BLAN.2017.25.PSOFER.F.A",NA,"BLAN.2017.25.PSOFER.F.A.01",NA,1,"Frozen -80C",NA,NA
"e527652e-d684-4ab2-9007-672b8183f692","BLAN","D02","BLAN","2017-07-17T21:32Z","2017-07-19T21:58Z","BLAN.2017.29.PSOFER.F.A",NA,"BLAN.2017.29.PSOFER.F.A.01",NA,29,"Frozen -80C",NA,NA
"750f7cf2-e27b-4032-8517-4d1834624f2f","BLAN","D02","BLAN","2017-07-17T22:14Z","2017-07-19T13:40Z","BLAN.2017.29.CULERR.F.A",NA,"BLAN.2017.29.CULERR.F.A.01",NA,32,"Frozen -80C",NA,NA
"0aa97eb7-b2d1-46a0-9917-efc80fb1b1a3","BLAN","D02","BLAN","2017-07-17T22:30Z","2017-07-19T21:42Z","BLAN.2017.29.AEDSTI.F.A",NA,"BLAN.2017.29.AEDSTI.F.A.01",NA,8,"Frozen -80C",NA,NA
"b3cb8752-63d5-46e8-a8ad-50f939614660","BLAN_024.mosquitoPoint.mos","D02","BLAN","2017-07-17T22:46Z","2017-07-18T14:07Z","BLAN.2017.29.AEDTRI1.F.A",NA,"BLAN.2017.29.AEDTRI1.F.A.01",NA,2,"Frozen -80C",NA,NA
"efa7dbf5-9534-44b0-b12c-b18db203c6d5","BLAN_029.mosquitoPoint.mos","D02","BLAN","2017-07-18T23:07Z","2017-07-19T13:11Z","BLAN.2017.29.COQPER.F.A",NA,"BLAN.2017.29.COQPER.F.A.01",NA,1,"Frozen -80C",NA,NA
"5e00f132-033c-41e9-b050-a8a5fd2643b5","BLAN","D02","BLAN","2017-07-18T23:07Z","2017-07-19T13:18Z","BLAN.2017.29.ANOQUA.F.A",NA,"BLAN.2017.29.ANOQUA.F.A.01",NA,8,"Frozen -80C",NA,NA
"fe62936e-2775-4bb0-8ea8-4789631eaebc","BLAN_026.mosquitoPoint.mos","D02","BLAN","2017-07-18T23:15Z","2017-07-19T13:18Z","BLAN.2017.29.ANOCRU.F.A",NA,"BLAN.2017.29.ANOCRU.F.A.01",NA,1,"Frozen -80C",NA,NA
"46a56139-108f-475e-9dbd-b03114df9a5f","BLAN_026.mosquitoPoint.mos","D02","BLAN","2017-07-18T23:15Z","2017-07-19T21:42Z","BLAN.2017.29.AEDALB.F.A",NA,"BLAN.2017.29.AEDALB.F.A.01",NA,2,"Frozen -80C",NA,NA
"3a0cee53-7e7f-4729-93b0-1f08f5bc3e69","BLAN_024.mosquitoPoint.mos","D02","BLAN","2017-07-18T23:34Z","2017-07-19T13:40Z","BLAN.2017.29.CULSAL.F.A",NA,"BLAN.2017.29.CULSAL.F.A.01",NA,1,"Frozen -80C",NA,NA
"d4b6b2b1-06b4-4d55-b69f-e2339109e79f","BLAN","D02","BLAN","2017-08-14T20:10Z","2017-08-16T14:01Z","BLAN.2017.33.AEDTRI1.F.A",NA,"BLAN.2017.33.AEDTRI1.F.A.01",NA,11,"Frozen -80C",NA,NA
"61f4a45c-5e18-4365-9ca6-11fa94b2992f","BLAN_022.mosquitoPoint.mos","D02","BLAN","2017-08-14T20:23Z","2017-08-15T13:34Z","BLAN.2017.33.AEDALB.F.A",NA,"BLAN.2017.33.AEDALB.F.A.01",NA,1,"Frozen -80C",NA,NA
"a3b05b59-4e40-4e15-938d-38918db6adfc","BLAN","D02","BLAN","2017-08-14T20:23Z","2017-08-16T14:11Z","BLAN.2017.33.CULERR.F.A",NA,"BLAN.2017.33.CULERR.F.A.01",NA,79,"Frozen -80C",NA,NA
"93a2c289-6a69-4a18-8564-121f6580309e","BLAN","D02","BLAN","2017-08-14T20:39Z","2017-08-16T14:11Z","BLAN.2017.33.PSOFER.F.A",NA,"BLAN.2017.33.PSOFER.F.A.01",NA,26,"Frozen -80C",NA,NA
"258a0630-e573-4252-afaa-14189b78b720","BLAN","D02","BLAN","2017-08-14T20:45Z","2017-08-15T13:59Z","BLAN.2017.33.ANOQUA.F.A",NA,"BLAN.2017.33.ANOQUA.F.A.01",NA,2,"Frozen -80C",NA,NA
"19f3e335-f07c-4d55-be43-7014483c475b","BLAN","D02","BLAN","2017-08-14T20:45Z","2017-08-16T14:11Z","BLAN.2017.33.CULSAL.F.A",NA,"BLAN.2017.33.CULSAL.F.A.01",NA,6,"Frozen -80C",NA,NA
"58b4680a-6f73-465b-bc14-5d6f9d112183","BLAN_029.mosquitoPoint.mos","D02","BLAN","2017-08-14T20:50Z","2017-08-15T13:59Z","BLAN.2017.33.PSOCOL.F.A",NA,"BLAN.2017.33.PSOCOL.F.A.01",NA,1,"Frozen -80C",NA,NA
"f7cef37e-6105-4cbe-88a8-19e7b1cd0c01","BLAN_029.mosquitoPoint.mos","D02","BLAN","2017-08-14T20:50Z","2017-08-15T13:59Z","BLAN.2017.33.PSOCIL.F.A",NA,"BLAN.2017.33.PSOCIL.F.A.01",NA,3,"Frozen -80C",NA,NA
"95791609-3e5a-4400-a2ab-3ee4ce5e8b92","BLAN_029.mosquitoPoint.mos","D02","BLAN","2017-08-14T20:50Z","2017-08-15T13:59Z","BLAN.2017.33.ANOSPP1.F.A",NA,"BLAN.2017.33.ANOSPP1.F.A.01",NA,3,"Frozen -80C",NA,NA
"7511ed18-4799-4435-bb31-50ff26960826","BLAN","D02","BLAN","2017-08-14T20:50Z","2017-08-16T13:49Z","BLAN.2017.33.AEDSPP.F.A",NA,"BLAN.2017.33.AEDSPP.F.A.01",NA,5,"Frozen -80C",NA,NA
"88f3430c-ed5b-4d63-8136-f6320d167f75","BLAN","D02","BLAN","2017-09-11T21:57Z","2017-09-13T14:04Z","BLAN.2017.37.ANOPUN.F.A",NA,"BLAN.2017.37.ANOPUN.F.A.01",NA,4,"Frozen -80C",NA,NA
"4f807005-4a14-4b87-90a8-cb5c76438420","BLAN","D02","BLAN","2017-09-11T22:03Z","2017-09-13T13:56Z","BLAN.2017.37.AEDTRI.F.A",NA,"BLAN.2017.37.AEDTRI.F.A.01",NA,8,"Frozen -80C",NA,NA
"24fff7b0-5749-472e-83d0-a0eb3fe18c75","BLAN","D02","BLAN","2017-09-11T22:03Z","2017-09-13T14:04Z","BLAN.2017.37.CULSAL.F.A",NA,"BLAN.2017.37.CULSAL.F.A.01",NA,5,"Frozen -80C",NA,NA
"32068965-548d-4d49-937e-0248d0b175c0","BLAN","D02","BLAN","2017-09-11T22:30Z","2017-09-13T13:56Z","BLAN.2017.37.CULSPP3.F.A",NA,"BLAN.2017.37.CULSPP3.F.A.01",NA,3,"Frozen -80C",NA,NA
"aedb0f27-d4b2-4a66-ae82-5cf30e1bf45c","BLAN","D02","BLAN","2017-09-11T22:36Z","2017-09-13T13:56Z","BLAN.2017.37.AEDVEX.F.A",NA,"BLAN.2017.37.AEDVEX.F.A.01",NA,9,"Frozen -80C",NA,NA
"1f7f2762-11bb-4db6-9cb4-3a2b7db185ed","BLAN","D02","BLAN","2017-09-11T22:41Z","2017-09-13T13:56Z","BLAN.2017.37.CULERR.F.A",NA,"BLAN.2017.37.CULERR.F.A.01",NA,10,"Frozen -80C",NA,NA
"8fc43a11-f9a2-4e58-af6f-f035111d1c16","BLAN","D02","BLAN","2017-09-12T13:01Z","2017-09-13T14:10Z","BLAN.2017.37.AEDTRI1.F.A",NA,"BLAN.2017.37.AEDTRI1.F.A.01",NA,16,"Frozen -80C",NA,NA
"a3a26351-2a5f-481f-acff-79d6292a3e95","BLAN_027.mosquitoPoint.mos","D02","BLAN","2017-09-12T19:39Z","2017-09-13T13:06Z","BLAN.2017.37.AEDALB.F.A",NA,"BLAN.2017.37.AEDALB.F.A.01",NA,1,"Frozen -80C",NA,NA
"3e3e6e31-43e2-46a3-ae63-ae499c3095d8","BLAN","D02","BLAN","2017-09-12T19:49Z","2017-09-13T13:45Z","BLAN.2017.37.ANOQUA.F.A",NA,"BLAN.2017.37.ANOQUA.F.A.01",NA,2,"Frozen -80C",NA,NA
"1570898f-de81-4875-ace9-5b39216196ef","BLAN_029.mosquitoPoint.mos","D02","BLAN","2017-09-12T20:14Z","2017-09-13T13:52Z","BLAN.2017.37.AEDSPP.F.A",NA,"BLAN.2017.37.AEDSPP.F.A.01",NA,1,"Frozen -80C",NA,NA
"623b6a37-57fa-4b97-a0c7-c677793e82d4","BLAN_024.mosquitoPoint.mos","D02","BLAN","2017-09-12T20:28Z","2017-09-13T14:10Z","BLAN.2017.37.PSOFER.F.A",NA,"BLAN.2017.37.PSOFER.F.A.01",NA,3,"Frozen -80C",NA,NA
"d12901fc-3904-4a5e-a58d-a283b968f172","BLAN_027.mosquitoPoint.mos","D02","BLAN","2017-10-09T19:43Z","2017-10-10T18:50Z","BLAN.2017.41.AEDALB.F.A",NA,"BLAN.2017.41.AEDALB.F.A.01",NA,12,"Frozen -80C",NA,NA
"00b909bc-00ea-480d-8046-46bd37f70106","BLAN","D02","BLAN","2017-10-09T20:11Z","2017-10-11T13:32Z","BLAN.2017.41.AEDSPP.F.A",NA,"BLAN.2017.41.AEDSPP.F.A.01",NA,3,"Frozen -80C",NA,NA
"509f507b-b6f4-496b-a996-937e5bee3bb8","BLAN_029.mosquitoPoint.mos","D02","BLAN","2017-10-09T20:32Z","2017-10-10T14:21Z","BLAN.2017.41.CULSAL.F.A",NA,"BLAN.2017.41.CULSAL.F.A.01",NA,2,"Frozen -80C",NA,NA
"e4f3ec70-d7da-464b-ba6d-7e49d4973c87","BLAN_026.mosquitoPoint.mos","D02","BLAN","2017-10-09T20:39Z","2017-10-10T14:27Z","BLAN.2017.41.CULERR.F.A",NA,"BLAN.2017.41.CULERR.F.A.01",NA,1,"Frozen -80C",NA,NA
"26d19ecf-5554-4dbb-98b0-43cbc2739e2c","BLAN","D02","BLAN","2017-10-09T20:39Z","2017-10-11T13:14Z","BLAN.2017.41.AEDTRI1.F.A",NA,"BLAN.2017.41.AEDTRI1.F.A.01",NA,6,"Frozen -80C",NA,NA
"a7da9fbe-337b-49b7-a359-bdfecc5b983b","BLAN_024.mosquitoPoint.mos","D02","BLAN","2017-10-10T14:46Z","2017-10-10T19:52Z","BLAN.2017.41.PSOFER.F.A",NA,"BLAN.2017.41.PSOFER.F.A.01",NA,3,"Frozen -80C",NA,NA
"b7158e8c-d9dc-42fa-a511-4f60a550adc9","BLAN_029.mosquitoPoint.mos","D02","BLAN","2017-10-10T19:34Z","2017-10-11T13:32Z","BLAN.2017.41.CULSPP3.F.A",NA,"BLAN.2017.41.CULSPP3.F.A.01",NA,2,"Frozen -80C",NA,NA
"4487acc5-a07a-47aa-81e9-44132ab0913c","BLAN_029.mosquitoPoint.mos","D02","BLAN","2017-10-10T19:34Z","2017-10-11T13:32Z","BLAN.2017.41.AEDVEX.F.A",NA,"BLAN.2017.41.AEDVEX.F.A.01",NA,1,"Frozen -80C",NA,NA
"92a6e9f7-4ac7-4fdf-9964-b7a18035891f","BLAN_026.mosquitoPoint.mos","D02","BLAN","2017-10-10T19:38Z","2017-10-11T13:36Z","BLAN.2017.41.ANOQUA.F.A",NA,"BLAN.2017.41.ANOQUA.F.A.01",NA,1,"Frozen -80C",NA,NA
"79fe618d-b687-46f0-9d9e-2f9ae53932fb","OSBS_060.mosquitoPoint.mos","D03","OSBS","2017-02-20T20:40Z","2017-02-21T14:51Z","OSBS.2017.8.COQPER.F.A",NA,"OSBS.2017.8.COQPER.F.A.01","",1,"Frozen -80C",NA,NA
"65c6ecdc-57ff-42c2-b167-d0df00ffc9d1","OSBS","D03","OSBS","2017-02-20T20:40Z","2017-02-22T13:26Z","OSBS.2017.8.ANOSP.F.A",NA,"OSBS.2017.8.ANOSP.F.A.01","",257,"Frozen -80C",NA,NA
"82ddda46-e7e9-45bd-a9cd-e8d050999ef3","OSBS","D03","OSBS","2017-02-20T20:40Z","2017-02-22T14:53Z","OSBS.2017.8.CULMEL.F.A",NA,"OSBS.2017.8.CULMEL.F.A.01","",13,"Frozen -80C",NA,NA
"8ad5037d-57ad-470d-a3af-0daa116c367a","OSBS","D03","OSBS","2017-02-20T20:40Z","2017-02-22T15:08Z","OSBS.2017.8.ANOCRU.F.A",NA,"OSBS.2017.8.ANOCRU.F.A.02|OSBS.2017.8.ANOCRU.F.A.01","|",1601,"Frozen -80C",NA,NA
"a55437b7-feee-451d-8134-ff49a0cf1853","OSBS_058.mosquitoPoint.mos","D03","OSBS","2017-02-20T20:55Z","2017-02-21T15:10Z","OSBS.2017.8.AEDSP.F.A",NA,"OSBS.2017.8.AEDSP.F.A.01","",22,"Frozen -80C",NA,NA
"e259d54d-f311-44b2-9e32-408fc38032ff","OSBS","D03","OSBS","2017-02-20T21:11Z","2017-02-22T15:08Z","OSBS.2017.8.MANTIT.F.A",NA,"OSBS.2017.8.MANTIT.F.A.01","",11,"Frozen -80C",NA,NA
"a4128256-db20-4231-9541-6cf5911235b0","OSBS","D03","OSBS","2017-02-20T21:41Z","2017-02-22T14:06Z","OSBS.2017.8.AEDMIT.F.A",NA,"OSBS.2017.8.AEDMIT.F.A.01","",48,"Frozen -80C",NA,NA
"ac15b2b7-3afc-4648-b59d-0116cee85c44","OSBS","D03","OSBS","2017-02-20T21:59Z","2017-02-22T14:53Z","OSBS.2017.8.AEDCAN2.F.A",NA,"OSBS.2017.8.AEDCAN2.F.A.01","",3,"Frozen -80C",NA,NA
"f2ced3d3-7dfc-4c18-bd92-12441946902b","OSBS_057.mosquitoPoint.mos","D03","OSBS","2017-02-21T20:26Z","2017-02-22T13:06Z","OSBS.2017.8.AEDALB.F.A",NA,"OSBS.2017.8.AEDALB.F.A.01","",1,"Frozen -80C",NA,NA
"5cda54a2-17d9-457a-9a3f-b6e4ef6c3bd7","OSBS_058.mosquitoPoint.mos","D03","OSBS","2017-02-21T21:46Z","2017-02-22T14:53Z","OSBS.2017.8.CULCOR.F.A",NA,"OSBS.2017.8.CULCOR.F.A.01","",1,"Frozen -80C",NA,NA
"a98cef48-47c6-4c88-876c-c5a2e4c09a39","OSBS","D03","OSBS","2017-03-06T19:51Z","2017-03-08T13:58Z","OSBS.2017.10.CULCOR.F.A",NA,"OSBS.2017.10.CULCOR.F.A.01","",3,"Frozen -80C",NA,NA
"0589ff00-982f-430a-9470-4fdf7281db8a","OSBS","D03","OSBS","2017-03-06T19:51Z","2017-03-08T15:15Z","OSBS.2017.10.MANTIT.F.A",NA,"OSBS.2017.10.MANTIT.F.A.01","",9,"Frozen -80C",NA,NA
"2bdc5c88-b042-4f42-ad65-78b0e9bc0613","OSBS","D03","OSBS","2017-03-06T19:51Z","2017-03-08T15:15Z","OSBS.2017.10.ANOCRU.F.A",NA,"OSBS.2017.10.ANOCRU.F.A.01|OSBS.2017.10.ANOCRU.F.A.02","|",1471,"Frozen -80C",NA,NA
"e2468e65-7a7f-4b67-82ad-c0c61d1eb105","OSBS","D03","OSBS","2017-03-06T20:14Z","2017-03-08T13:58Z","OSBS.2017.10.ANOSP.F.A",NA,"OSBS.2017.10.ANOSP.F.A.01","",14,"Frozen -80C",NA,NA
"29cb7ae4-72df-4062-8e7e-aeeda32c6b97","OSBS","D03","OSBS","2017-03-06T20:14Z","2017-03-08T15:15Z","OSBS.2017.10.AEDMIT.F.A",NA,"OSBS.2017.10.AEDMIT.F.A.01","",28,"Frozen -80C",NA,NA
"bc7e446d-bdf2-4156-8fd1-ee66e4671fc9","OSBS","D03","OSBS","2017-03-06T21:28Z","2017-03-08T14:56Z","OSBS.2017.10.CULMEL.F.A",NA,"OSBS.2017.10.CULMEL.F.A.01","",7,"Frozen -80C",NA,NA
"17bcfcff-e93c-4535-84ea-b42c1d46a59d","OSBS","D03","OSBS","2017-03-06T21:28Z","2017-03-08T15:15Z","OSBS.2017.10.COQPER.F.A",NA,"OSBS.2017.10.COQPER.F.A.01","",9,"Frozen -80C",NA,NA
"ed3bb3b6-d955-4cfc-b3e4-b7c290431658","OSBS_058.mosquitoPoint.mos","D03","OSBS","2017-03-07T23:06Z","2017-03-08T14:56Z","OSBS.2017.10.ANOPUN.F.A",NA,"OSBS.2017.10.ANOPUN.F.A.01","",1,"Frozen -80C",NA,NA
"b120f5fd-50fc-4fe2-85d7-0a24ebc8b37c","OSBS_058.mosquitoPoint.mos","D03","OSBS","2017-03-07T23:06Z","2017-03-08T14:56Z","OSBS.2017.10.AEDTRI1.F.A",NA,"OSBS.2017.10.AEDTRI1.F.A.01","",1,"Frozen -80C",NA,NA
"51bd70be-b804-4780-a31e-d212d847a985","OSBS","D03","OSBS","2017-03-20T20:34Z","2017-03-22T12:27Z","OSBS.2017.12.AEDMIT.F.A",NA,"OSBS.2017.12.AEDMIT.F.A.01","",12,"Frozen -80C",NA,NA
"a686ed76-08ee-427a-9569-ada36069bbe2","OSBS","D03","OSBS","2017-03-20T20:34Z","2017-03-22T14:34Z","OSBS.2017.12.ANOCRU.F.A",NA,"OSBS.2017.12.ANOCRU.F.A.01","",774,"Frozen -80C",NA,NA
"69390471-b927-419e-be98-a4212c9e449a","OSBS","D03","OSBS","2017-03-20T20:54Z","2017-03-22T14:34Z","OSBS.2017.12.COQPER.F.A",NA,"OSBS.2017.12.COQPER.F.A.01","",33,"Frozen -80C",NA,NA
"be044dc4-f527-4b8d-8736-647f56bce24b","OSBS_052.mosquitoPoint.mos","D03","OSBS","2017-03-20T21:06Z","2017-03-21T13:01Z","OSBS.2017.12.CULMEL.F.A",NA,"OSBS.2017.12.CULMEL.F.A.01","",1,"Frozen -80C",NA,NA
"9b370a02-fdbc-4fe5-9460-6e3fc1e24d3e","OSBS","D03","OSBS","2017-03-20T21:14Z","2017-03-22T13:49Z","OSBS.2017.12.ANOSP.F.A",NA,"OSBS.2017.12.ANOSP.F.A.01","",32,"Frozen -80C",NA,NA
"6abf0573-e3ce-4bdd-b984-20d9f52849d9","OSBS","D03","OSBS","2017-03-20T21:33Z","2017-03-22T14:19Z","OSBS.2017.12.CULSAL.F.A",NA,"OSBS.2017.12.CULSAL.F.A.01","",9,"Frozen -80C",NA,NA
"3d7692df-db21-4ad9-8239-98c79f92b066","OSBS_058.mosquitoPoint.mos","D03","OSBS","2017-03-20T22:22Z","2017-03-22T14:19Z","OSBS.2017.12.AEDSP.F.A",NA,"OSBS.2017.12.AEDSP.F.A.01","",8,"Frozen -80C",NA,NA
"e5712c29-b5b6-46c2-adf3-94fc75dc2e2e","OSBS","D03","OSBS","2017-03-20T22:41Z","2017-03-22T14:34Z","OSBS.2017.12.MANTIT.F.A",NA,"OSBS.2017.12.MANTIT.F.A.01","",8,"Frozen -80C",NA,NA
"181676d0-de96-41ed-9a5e-b2d6423f19fb","OSBS","D03","OSBS","2017-03-20T22:53Z","2017-03-22T14:19Z","OSBS.2017.12.AEDCAN2.F.A",NA,"OSBS.2017.12.AEDCAN2.F.A.01","",5,"Frozen -80C",NA,NA
"2e1c850c-24a4-4342-91eb-02590185da60","OSBS_060.mosquitoPoint.mos","D03","OSBS","2017-03-21T09:39Z","2017-03-22T13:49Z","OSBS.2017.12.ANOCRU.M.A",NA,"OSBS.2017.12.ANOCRU.M.A.01","",1,"Frozen -80C",NA,NA
"5a553c23-a7a0-4886-b2df-878768d8edc1","OSBS","D03","OSBS","2017-03-21T09:39Z","2017-03-22T14:19Z","OSBS.2017.12.CULRES.F.A",NA,"OSBS.2017.12.CULRES.F.A.01","",4,"Frozen -80C",NA,NA
"3f4e5225-0042-4401-8386-0b44980548df","OSBS_057.mosquitoPoint.mos","D03","OSBS","2017-03-21T20:05Z","2017-03-22T12:00Z","OSBS.2017.12.CULCOR.F.A",NA,"OSBS.2017.12.CULCOR.F.A.01","",2,"Frozen -80C",NA,NA
"0db877ec-c4c3-4c42-aa51-8c1459cc6a79","OSBS_058.mosquitoPoint.mos","D03","OSBS","2017-03-21T21:59Z","2017-03-22T14:19Z","OSBS.2017.12.CULNIG.F.A",NA,"OSBS.2017.12.CULNIG.F.A.01","",1,"Frozen -80C",NA,NA
"3f5c1819-dbfd-42cf-8e5d-11987dee1ba9","OSBS","D03","OSBS","2017-04-03T20:02Z","2017-04-06T14:04Z","OSBS.2017.14.COQPER.F.A",NA,"OSBS.2017.14.COQPER.F.A.01",NA,136,"Frozen -80C",NA,NA
"f1858071-4758-4efb-80be-c2fca6977c5a","OSBS","D03","OSBS","2017-04-03T20:24Z","2017-04-05T13:53Z","OSBS.2017.14.AEDMIT.F.A",NA,"OSBS.2017.14.AEDMIT.F.A.01",NA,4,"Frozen -80C",NA,NA
"14c06143-79a6-400b-990a-bc24a7c89eb7","OSBS","D03","OSBS","2017-04-03T20:24Z","2017-04-06T14:04Z","OSBS.2017.14.ANOCRU.F.A",NA,"OSBS.2017.14.ANOCRU.F.A.01",NA,439,"Frozen -80C",NA,NA
"90ea93ec-4d7e-450e-bb98-3331e3ef75b7","OSBS","D03","OSBS","2017-04-03T20:24Z","2017-04-06T14:04Z","OSBS.2017.14.ANOSP.F.A",NA,"OSBS.2017.14.ANOSP.F.A.01",NA,95,"Frozen -80C",NA,NA
"74ce46da-5455-455c-b6ad-293a7e7c1951","OSBS","D03","OSBS","2017-04-03T20:53Z","2017-04-06T13:49Z","OSBS.2017.14.AEDINF.F.A",NA,"OSBS.2017.14.AEDINF.F.A.01",NA,6,"Frozen -80C",NA,NA
"7df24024-6f0a-43b0-b151-3b9009a0532a","OSBS_059.mosquitoPoint.mos","D03","OSBS","2017-04-03T21:09Z","2017-04-04T21:04Z","OSBS.2017.14.CULQUI.F.A",NA,"OSBS.2017.14.CULQUI.F.A.01",NA,1,"Frozen -80C",NA,NA
"61a35a13-d708-42f7-845b-f7d3aa860fcc","OSBS","D03","OSBS","2017-04-03T21:09Z","2017-04-06T13:49Z","OSBS.2017.14.AEDVEX.F.A",NA,"OSBS.2017.14.AEDVEX.F.A.01",NA,9,"Frozen -80C",NA,NA
"5e93e5a4-f8ee-4467-aa6a-5a261b0be871","OSBS","D03","OSBS","2017-04-03T21:14Z","2017-04-06T14:04Z","OSBS.2017.14.MANTIT.F.A",NA,"OSBS.2017.14.MANTIT.F.A.01",NA,22,"Frozen -80C",NA,NA
"1d6fe5f4-c5ab-4ae3-b8e7-1034e82e0377","OSBS_058.mosquitoPoint.mos","D03","OSBS","2017-04-03T22:03Z","2017-04-05T13:53Z","OSBS.2017.14.AEDSP.F.A",NA,"OSBS.2017.14.AEDSP.F.A.01",NA,5,"Frozen -80C",NA,NA
"ae1bf6b5-4ec1-4df2-81e7-150284cfb2b4","OSBS","D03","OSBS","2017-04-04T19:40Z","2017-04-06T13:49Z","OSBS.2017.14.CULNIG.F.A",NA,"OSBS.2017.14.CULNIG.F.A.01",NA,8,"Frozen -80C",NA,NA
"d7a69c42-08a4-4496-a5f8-f38cabdca6a6","OSBS","D03","OSBS","2017-04-04T19:40Z","2017-04-06T13:49Z","OSBS.2017.14.CULMEL.F.A",NA,"OSBS.2017.14.CULMEL.F.A.01",NA,10,"Frozen -80C",NA,NA
"a0b865d6-f73d-424d-9e39-390e37b57761","OSBS","D03","OSBS","2017-04-04T20:52Z","2017-04-06T13:49Z","OSBS.2017.14.CULSP1.F.A",NA,"OSBS.2017.14.CULSP1.F.A.01",NA,6,"Frozen -80C",NA,NA
"a16a13be-129c-48fe-a229-e0fd38797822","OSBS_059.mosquitoPoint.mos","D03","OSBS","2017-04-05T21:15Z","2017-04-06T13:05Z","OSBS.2017.14.ANOQUA.F.A",NA,"OSBS.2017.14.ANOQUA.F.A.01",NA,1,"Frozen -80C",NA,NA
"5e4d5fe2-088b-4b30-9868-53176a22d2f7","OSBS_057.mosquitoPoint.mos","D03","OSBS","2017-04-17T20:22Z","2017-04-19T11:44Z","OSBS.2017.16.CULCOR.F.A",NA,"OSBS.2017.16.CULCOR.F.A.01",NA,4,"Frozen -80C",NA,NA
"b817e5a9-7c44-463f-a3c8-ca848d9f6f50","OSBS","D03","OSBS","2017-04-17T20:22Z","2017-04-19T13:38Z","OSBS.2017.16.PSOCOL.F.A",NA,"OSBS.2017.16.PSOCOL.F.A.01",NA,15,"Frozen -80C",NA,NA
"0fd6351c-c989-4691-b44d-7d3fc2cb65a0","OSBS","D03","OSBS","2017-04-17T20:22Z","2017-04-19T13:38Z","OSBS.2017.16.ANOCRU.F.A",NA,"OSBS.2017.16.ANOCRU.F.A.01",NA,222,"Frozen -80C",NA,NA
"d67e8201-81ae-4395-ab1e-70d68f5f08a6","OSBS","D03","OSBS","2017-04-17T20:22Z","2017-04-19T13:38Z","OSBS.2017.16.MANTIT.F.A",NA,"OSBS.2017.16.MANTIT.F.A.01",NA,18,"Frozen -80C",NA,NA
"1b0f57c9-defe-453a-964e-c3ec7659c7e3","OSBS","D03","OSBS","2017-04-17T20:22Z","2017-04-19T13:38Z","OSBS.2017.16.COQPER.F.A",NA,"OSBS.2017.16.COQPER.F.A.01",NA,337,"Frozen -80C",NA,NA
"ac473681-e280-4757-a1d9-412fda79db62","OSBS","D03","OSBS","2017-04-17T21:06Z","2017-04-19T12:34Z","OSBS.2017.16.AEDMIT.F.A",NA,"OSBS.2017.16.AEDMIT.F.A.01",NA,9,"Frozen -80C",NA,NA
"660d5562-9861-4b2d-988b-13a6c3ff513f","OSBS_059.mosquitoPoint.mos","D03","OSBS","2017-04-17T21:20Z","2017-04-18T12:44Z","OSBS.2017.16.CULSP1.F.A",NA,"OSBS.2017.16.CULSP1.F.A.01",NA,1,"Frozen -80C",NA,NA
"7705bcb2-7e02-43dd-81fe-1f0cbefe5a16","OSBS","D03","OSBS","2017-04-17T21:20Z","2017-04-19T12:45Z","OSBS.2017.16.ANOSP.F.A",NA,"OSBS.2017.16.ANOSP.F.A.01",NA,20,"Frozen -80C",NA,NA
"794e91a0-0060-4455-86fe-847648f141a3","OSBS","D03","OSBS","2017-04-17T21:24Z","2017-04-18T13:30Z","OSBS.2017.16.CULMEL.F.A",NA,"OSBS.2017.16.CULMEL.F.A.01",NA,2,"Frozen -80C",NA,NA
"7addd24c-cb0c-4964-9c0c-ef414d7ccb7d","OSBS_061.mosquitoPoint.mos","D03","OSBS","2017-04-17T21:24Z","2017-04-19T12:45Z","OSBS.2017.16.CULSAL.F.A",NA,"OSBS.2017.16.CULSAL.F.A.01",NA,7,"Frozen -80C",NA,NA
"8539f876-a618-442c-9a8d-0e4aaa033cee","OSBS","D03","OSBS","2017-04-17T21:47Z","2017-04-19T13:24Z","OSBS.2017.16.CULNIG.F.A",NA,"OSBS.2017.16.CULNIG.F.A.01",NA,3,"Frozen -80C",NA,NA
"61b37f93-f128-49c4-9137-c7da5c25361f","OSBS_054.mosquitoPoint.mos","D03","OSBS","2017-04-18T20:49Z","2017-04-19T12:18Z","OSBS.2017.16.ANOQUA.F.A",NA,"OSBS.2017.16.ANOQUA.F.A.01",NA,1,"Frozen -80C",NA,NA
"c892c20d-d935-4e39-9342-0be8d2474227","OSBS","D03","OSBS","2017-04-18T21:40Z","2017-04-19T13:24Z","OSBS.2017.16.AEDINF.F.A",NA,"OSBS.2017.16.AEDINF.F.A.01",NA,8,"Frozen -80C",NA,NA
"c898e81e-c1ef-4321-8dc8-d6a1606cc6df","OSBS_056.mosquitoPoint.mos","D03","OSBS","2017-05-01T20:09Z","2017-05-02T12:21Z","OSBS.2017.18.PSOCIL.F.A",NA,"OSBS.2017.18.PSOCIL.F.A.01",NA,1,"Frozen -80C",NA,NA
"f01a53aa-59d6-4779-8383-9e37ac26f875","OSBS","D03","OSBS","2017-05-01T20:09Z","2017-05-03T14:16Z","OSBS.2017.18.MANTIT.F.A",NA,"OSBS.2017.18.MANTIT.F.A.01",NA,19,"Frozen -80C",NA,NA
"9830036d-ad6a-4321-b97e-c451df74ad3e","OSBS","D03","OSBS","2017-05-01T20:09Z","2017-05-03T14:16Z","OSBS.2017.18.ANOCRU.F.A",NA,"OSBS.2017.18.ANOCRU.F.A.01",NA,209,"Frozen -80C",NA,NA
"49aca79b-1ecd-486c-99ae-9ba1046e308f","OSBS","D03","OSBS","2017-05-01T20:09Z","2017-05-03T14:16Z","OSBS.2017.18.COQPER.F.A",NA,"OSBS.2017.18.COQPER.F.A.01",NA,282,"Frozen -80C",NA,NA
"dccc72ce-ea47-42ca-ac04-113da7cd3b15","OSBS","D03","OSBS","2017-05-01T20:19Z","2017-05-02T14:27Z","OSBS.2017.18.CULSP1.F.A",NA,"OSBS.2017.18.CULSP1.F.A.01",NA,2,"Frozen -80C",NA,NA
"c654be88-3a7a-4869-82a2-81172b6e3032","OSBS_057.mosquitoPoint.mos","D03","OSBS","2017-05-01T20:19Z","2017-05-03T11:59Z","OSBS.2017.18.CULCOR.F.A",NA,"OSBS.2017.18.CULCOR.F.A.01",NA,2,"Frozen -80C",NA,NA
"4cf5045a-a9a4-4b3d-a11e-475be5a67d4a","OSBS","D03","OSBS","2017-05-01T20:19Z","2017-05-03T13:10Z","OSBS.2017.18.AEDMIT.F.A",NA,"OSBS.2017.18.AEDMIT.F.A.01",NA,23,"Frozen -80C",NA,NA
"95f316a0-6041-4972-9434-988dd62437c8","OSBS","D03","OSBS","2017-05-01T20:51Z","2017-05-03T13:06Z","OSBS.2017.18.ANOQUA.F.A",NA,"OSBS.2017.18.ANOQUA.F.A.01",NA,5,"Frozen -80C",NA,NA
"b7022088-fb10-47ca-ad05-a713dbc30122","OSBS","D03","OSBS","2017-05-01T20:51Z","2017-05-03T13:10Z","OSBS.2017.18.PSOCOL.F.A",NA,"OSBS.2017.18.PSOCOL.F.A.01",NA,6,"Frozen -80C",NA,NA
"08a327f1-eaeb-4c98-b274-7a0d188a36ad","OSBS_058.mosquitoPoint.mos","D03","OSBS","2017-05-01T21:57Z","2017-05-02T14:27Z","OSBS.2017.18.PSOFER.F.A",NA,"OSBS.2017.18.PSOFER.F.A.01",NA,1,"Frozen -80C",NA,NA
"0db8eb65-757a-4f03-8614-f8b1942d1d92","OSBS","D03","OSBS","2017-05-01T21:57Z","2017-05-03T13:49Z","OSBS.2017.18.AEDSP.F.A",NA,"OSBS.2017.18.AEDSP.F.A.01",NA,32,"Frozen -80C",NA,NA
"0c561a34-3222-4f5a-812d-4d7e4a5f3213","OSBS","D03","OSBS","2017-05-02T21:25Z","2017-05-03T13:49Z","OSBS.2017.18.AEDCAN3.F.A",NA,"OSBS.2017.18.AEDCAN3.F.A.01",NA,6,"Frozen -80C",NA,NA
"274322a9-ed07-4aee-b6f2-fc0a94891d0f","OSBS","D03","OSBS","2017-05-02T21:44Z","2017-05-03T13:10Z","OSBS.2017.18.CULSAL.F.A",NA,"OSBS.2017.18.CULSAL.F.A.01",NA,5,"Frozen -80C",NA,NA
"8e670797-fc8a-46ff-b640-c9b5942407a9","OSBS_058.mosquitoPoint.mos","D03","OSBS","2017-05-02T22:28Z","2017-05-03T13:49Z","OSBS.2017.18.CULMEL.F.A",NA,"OSBS.2017.18.CULMEL.F.A.01",NA,1,"Frozen -80C",NA,NA
"fe672ba5-b1f4-4cf7-ac7d-75d882779ab6","OSBS","D03","OSBS","2017-05-15T20:48Z","2017-05-17T13:32Z","OSBS.2017.20.COQPER.F.A",NA,"OSBS.2017.20.COQPER.F.A.01",NA,87,"Frozen -80C",NA,NA
"2b1ce6cf-d089-432d-b300-595ed8bbceba","OSBS","D03","OSBS","2017-05-15T20:48Z","2017-05-17T13:46Z","OSBS.2017.20.ANOCRU.F.A",NA,"OSBS.2017.20.ANOCRU.F.A.01",NA,40,"Frozen -80C",NA,NA
"1fac670c-43e2-4a8c-b4d1-1f217a5b47d8","OSBS","D03","OSBS","2017-05-15T20:48Z","2017-05-17T13:46Z","OSBS.2017.20.MANTIT.F.A",NA,"OSBS.2017.20.MANTIT.F.A.01",NA,7,"Frozen -80C",NA,NA
"cd49c9e2-0f27-4be8-aa6b-69fbbfc0b05f","OSBS","D03","OSBS","2017-05-15T20:48Z","2017-05-17T13:46Z","OSBS.2017.20.CULERR.F.A",NA,"OSBS.2017.20.CULERR.F.A.01",NA,77,"Frozen -80C",NA,NA
"5728b04e-a9a0-433e-b4fc-95b227391a66","OSBS_057.mosquitoPoint.mos","D03","OSBS","2017-05-15T20:58Z","2017-05-16T12:14Z","OSBS.2017.20.CULCOR.F.A",NA,"OSBS.2017.20.CULCOR.F.A.01",NA,1,"Frozen -80C",NA,NA
"7655272c-c072-4292-9910-b72be63f8f32","OSBS","D03","OSBS","2017-05-15T20:58Z","2017-05-17T12:38Z","OSBS.2017.20.AEDMIT.F.A",NA,"OSBS.2017.20.AEDMIT.F.A.01",NA,14,"Frozen -80C",NA,NA
"c4e77d38-4548-4001-b666-ec90836bbe71","OSBS_054.mosquitoPoint.mos","D03","OSBS","2017-05-15T21:37Z","2017-05-17T12:29Z","OSBS.2017.20.ANOQUA.F.A",NA,"OSBS.2017.20.ANOQUA.F.A.01",NA,4,"Frozen -80C",NA,NA
"bb7d4ced-941e-4059-be9d-394e54f71531","OSBS","D03","OSBS","2017-05-15T21:52Z","2017-05-17T12:50Z","OSBS.2017.20.CULSAL.F.A",NA,"OSBS.2017.20.CULSAL.F.A.01",NA,6,"Frozen -80C",NA,NA
"8c96fee7-bb0c-4bb2-8bd0-6750f4a71674","OSBS_060.mosquitoPoint.mos","D03","OSBS","2017-05-15T22:28Z","2017-05-16T13:41Z","OSBS.2017.20.AEDINF.F.A",NA,"OSBS.2017.20.AEDINF.F.A.01",NA,1,"Frozen -80C",NA,NA
"5f01bdbd-a283-4ada-ba95-0d1d21c3f863","OSBS_060.mosquitoPoint.mos","D03","OSBS","2017-05-15T22:28Z","2017-05-16T13:41Z","OSBS.2017.20.CULSP1.F.A",NA,"OSBS.2017.20.CULSP1.F.A.01",NA,1,"Frozen -80C",NA,NA
"8e11203b-e646-425d-b8f5-df28de5447a9","OSBS","D03","OSBS","2017-05-15T22:28Z","2017-05-17T13:32Z","OSBS.2017.20.AEDSP.F.A",NA,"OSBS.2017.20.AEDSP.F.A.01",NA,10,"Frozen -80C",NA,NA
"c8e5a68c-d3ca-4ee6-8778-8bf070e344de","OSBS_058.mosquitoPoint.mos","D03","OSBS","2017-05-15T22:44Z","2017-05-16T13:58Z","OSBS.2017.20.AEDCAN3.F.A",NA,"OSBS.2017.20.AEDCAN3.F.A.01",NA,1,"Frozen -80C",NA,NA
"94361b00-fa0c-46ea-a23e-181336caa985","OSBS_058.mosquitoPoint.mos","D03","OSBS","2017-05-15T22:44Z","2017-05-16T13:58Z","OSBS.2017.20.AEDALB.F.A",NA,"OSBS.2017.20.AEDALB.F.A.01",NA,1,"Frozen -80C",NA,NA
"a854e1e4-f048-400a-b00e-8b42cac3df2e","OSBS","D03","OSBS","2017-05-15T22:44Z","2017-05-17T12:29Z","OSBS.2017.20.CULMEL.F.A",NA,"OSBS.2017.20.CULMEL.F.A.01",NA,2,"Frozen -80C",NA,NA
"4062e28c-1789-4b3c-9ee6-7941d3040f41","OSBS_060.mosquitoPoint.mos","D03","OSBS","2017-05-16T22:15Z","2017-05-17T13:18Z","OSBS.2017.20.ANOSP.F.A",NA,"OSBS.2017.20.ANOSP.F.A.01",NA,1,"Frozen -80C",NA,NA
"73d0f65a-fff5-4bd8-9541-9bc8a87b4d25","OSBS_055.mosquitoPoint.mos","D03","OSBS","2017-05-30T21:16Z","2017-05-31T11:41Z","OSBS.2017.22.PSOSP.F.A",NA,"OSBS.2017.22.PSOSP.F.A.01",NA,1,"Frozen -80C",NA,NA
"74cd0720-65c9-4ebb-b63d-33f196033c54","OSBS","D03","OSBS","2017-05-30T21:16Z","2017-05-31T11:59Z","OSBS.2017.22.ANOSP.F.A",NA,"OSBS.2017.22.ANOSP.F.A.01",NA,2,"Frozen -80C",NA,NA
"e7738592-0cab-4fa1-8090-698f23d5c96a","OSBS_058.mosquitoPoint.mos","D03","OSBS","2017-05-30T22:44Z","2017-05-31T13:16Z","OSBS.2017.22.CULMEL.F.A",NA,"OSBS.2017.22.CULMEL.F.A.01",NA,1,"Frozen -80C",NA,NA
"f7a7d9ef-40c6-42a8-a27a-1250819e97cf","OSBS_060.mosquitoPoint.mos","D03","OSBS","2017-05-31T12:56Z","2017-05-31T22:09Z","OSBS.2017.22.PSOFER.F.A",NA,"OSBS.2017.22.PSOFER.F.A.01",NA,1,"Frozen -80C",NA,NA
"54e6753f-20cf-4b7f-b6e5-e4305351f3b3","OSBS","D03","OSBS","2017-05-30T20:47Z","2017-06-01T14:42Z","OSBS.2017.22.AEDSP.F.A",NA,"OSBS.2017.22.AEDSP.F.A.01",NA,42,"Frozen -80C",NA,NA
"bbdf0601-4bb7-46a1-b2d7-bac43bd452d0","OSBS","D03","OSBS","2017-05-30T20:47Z","2017-06-01T14:59Z","OSBS.2017.22.ANOCRU.F.A",NA,"OSBS.2017.22.ANOCRU.F.A.01",NA,62,"Frozen -80C",NA,NA
"bba88203-950f-4448-ae7b-2adb578bced2","OSBS","D03","OSBS","2017-05-30T20:47Z","2017-06-01T14:59Z","OSBS.2017.22.CULERR.F.A",NA,"OSBS.2017.22.CULERR.F.A.01",NA,42,"Frozen -80C",NA,NA
"1f7e3f5c-a171-42dc-802c-64fa3da5fc37","OSBS","D03","OSBS","2017-05-30T20:47Z","2017-06-01T14:59Z","OSBS.2017.22.MANTIT.F.A",NA,"OSBS.2017.22.MANTIT.F.A.01",NA,5,"Frozen -80C",NA,NA
"3e3bc6c2-a803-4a1c-bd13-d05eee8fec06","OSBS","D03","OSBS","2017-05-30T20:47Z","2017-06-01T14:59Z","OSBS.2017.22.COQPER.F.A",NA,"OSBS.2017.22.COQPER.F.A.01",NA,33,"Frozen -80C",NA,NA
"75c1002f-3853-4858-bcdf-c962e92bf6c9","OSBS","D03","OSBS","2017-05-30T20:47Z","2017-06-01T14:59Z","OSBS.2017.22.PSOCOL.F.A",NA,"OSBS.2017.22.PSOCOL.F.A.01",NA,104,"Frozen -80C",NA,NA
"16440321-861f-4a6f-b299-871536b14f3e","OSBS","D03","OSBS","2017-05-30T20:47Z","2017-06-01T14:59Z","OSBS.2017.22.CULSP1.F.A",NA,"OSBS.2017.22.CULSP1.F.A.01",NA,11,"Frozen -80C",NA,NA
"33ae5cf4-bc2a-4e56-98f4-045dbe1b2641","OSBS","D03","OSBS","2017-05-30T20:56Z","2017-06-01T14:42Z","OSBS.2017.22.CULCOR.F.A",NA,"OSBS.2017.22.CULCOR.F.A.01",NA,10,"Frozen -80C",NA,NA
"61150bde-356d-4152-bd3f-0d5b04cb33fb","OSBS","D03","OSBS","2017-05-30T20:56Z","2017-06-01T14:42Z","OSBS.2017.22.AEDINF.F.A",NA,"OSBS.2017.22.AEDINF.F.A.01",NA,43,"Frozen -80C",NA,NA
"69a19ed4-3cbf-41ea-b269-4c1f4b7cfc68","OSBS","D03","OSBS","2017-05-30T20:56Z","2017-06-01T14:59Z","OSBS.2017.22.CULNIG.F.A",NA,"OSBS.2017.22.CULNIG.F.A.01",NA,44,"Frozen -80C",NA,NA
"2e2d6bcb-3c64-4755-9922-bdaf377bdfc1","OSBS","D03","OSBS","2017-05-30T21:32Z","2017-06-01T13:03Z","OSBS.2017.22.AEDMIT.F.A",NA,"OSBS.2017.22.AEDMIT.F.A.01",NA,17,"Frozen -80C",NA,NA
"d74adf41-0afe-4477-9e26-22ecfa5babaa","OSBS","D03","OSBS","2017-05-30T21:50Z","2017-06-01T13:07Z","OSBS.2017.22.CULSAL.F.A",NA,"OSBS.2017.22.CULSAL.F.A.01",NA,39,"Frozen -80C",NA,NA
"b2cfafd1-c73b-4769-bcbd-daee0195e78e","OSBS","D03","OSBS","2017-05-30T21:50Z","2017-06-01T14:42Z","OSBS.2017.22.AEDATL.F.A",NA,"OSBS.2017.22.AEDATL.F.A.01",NA,67,"Frozen -80C",NA,NA
"0107b1f7-1c7f-4395-8db0-c0d5b43e457b","OSBS_057.mosquitoPoint.mos","D03","OSBS","2017-05-31T11:23Z","2017-06-01T12:00Z","OSBS.2017.22.AEDALB.F.A",NA,"OSBS.2017.22.AEDALB.F.A.01",NA,4,"Frozen -80C",NA,NA
"d88e262e-241c-4da3-8000-f7f45acc83ec","OSBS","D03","OSBS","2017-05-31T20:34Z","2017-06-01T12:55Z","OSBS.2017.22.PSOCIL.F.A",NA,"OSBS.2017.22.PSOCIL.F.A.01",NA,4,"Frozen -80C",NA,NA
"74c4e531-bfc3-4919-aaa2-431dcfc251c4","OSBS_057.mosquitoPoint.mos","D03","OSBS","2017-06-12T20:52Z","2017-06-13T21:00Z","OSBS.2017.24.AEDALB.F.A",NA,"OSBS.2017.24.AEDALB.F.A.01",NA,9,"Frozen -80C",NA,NA
"ba0839e8-5457-41c4-a6bc-b9572ec09b05","OSBS","D03","OSBS","2017-06-12T20:52Z","2017-06-14T12:44Z","OSBS.2017.24.CULSP1.F.A",NA,"OSBS.2017.24.CULSP1.F.A.01",NA,13,"Frozen -80C",NA,NA
"d8cbcf1d-eb27-4503-8f8d-219dc4d08daf","OSBS","D03","OSBS","2017-06-12T20:52Z","2017-06-14T13:14Z","OSBS.2017.24.AEDSP.F.A",NA,"OSBS.2017.24.AEDSP.F.A.01",NA,59,"Frozen -80C",NA,NA
"2553beae-950b-4398-bde2-7b400e82241d","OSBS","D03","OSBS","2017-06-12T21:13Z","2017-06-14T12:23Z","OSBS.2017.24.AEDMIT.F.A",NA,"OSBS.2017.24.AEDMIT.F.A.01",NA,9,"Frozen -80C",NA,NA
"bb8c2189-6eea-4790-9640-0f6508117816","OSBS","D03","OSBS","2017-06-12T21:13Z","2017-06-14T13:14Z","OSBS.2017.24.COQPER.F.A",NA,"OSBS.2017.24.COQPER.F.A.01",NA,78,"Frozen -80C",NA,NA
"e2cf7d3d-56b4-48f1-bc2c-095ff70d22a7","OSBS","D03","OSBS","2017-06-12T21:31Z","2017-06-14T13:00Z","OSBS.2017.24.ANOCRU.F.A",NA,"OSBS.2017.24.ANOCRU.F.A.01",NA,20,"Frozen -80C",NA,NA
"b6923a42-1254-43ce-ade7-9ac1061fc113","OSBS","D03","OSBS","2017-06-12T21:31Z","2017-06-14T13:14Z","OSBS.2017.24.PSOCOL.F.A",NA,"OSBS.2017.24.PSOCOL.F.A.01",NA,171,"Frozen -80C",NA,NA
"8326c958-5918-4c29-98e4-82741c8da8cb","OSBS","D03","OSBS","2017-06-12T22:00Z","2017-06-13T13:11Z","OSBS.2017.24.PSOCIL.F.A",NA,"OSBS.2017.24.PSOCIL.F.A.01",NA,2,"Frozen -80C",NA,NA
"595cf8b4-259e-4bcf-9509-18dee4afc99b","OSBS","D03","OSBS","2017-06-12T22:00Z","2017-06-14T13:14Z","OSBS.2017.24.MANTIT.F.A",NA,"OSBS.2017.24.MANTIT.F.A.01",NA,22,"Frozen -80C",NA,NA
"395e72ab-b533-4602-b333-5642dad5e39e","OSBS","D03","OSBS","2017-06-12T22:05Z","2017-06-14T12:12Z","OSBS.2017.24.ANOSP.F.A",NA,"OSBS.2017.24.ANOSP.F.A.01",NA,3,"Frozen -80C",NA,NA
"56d843e2-f10f-4393-ae07-792cdb01ffca","OSBS","D03","OSBS","2017-06-12T22:05Z","2017-06-14T13:00Z","OSBS.2017.24.CULMEL.F.A",NA,"OSBS.2017.24.CULMEL.F.A.01",NA,39,"Frozen -80C",NA,NA
"9e0fcf7c-a8f4-4b86-8396-42ba442de39a","OSBS","D03","OSBS","2017-06-12T22:23Z","2017-06-14T13:00Z","OSBS.2017.24.PSOFER.F.A",NA,"OSBS.2017.24.PSOFER.F.A.01",NA,6,"Frozen -80C",NA,NA
"3fd87aeb-0f83-4df1-aadf-e64307297006","OSBS","D03","OSBS","2017-06-12T22:44Z","2017-06-14T13:14Z","OSBS.2017.24.CULCOR.F.A",NA,"OSBS.2017.24.CULCOR.F.A.01",NA,8,"Frozen -80C",NA,NA
"3bd93335-6707-4cd4-b35c-e181934890a8","OSBS_054.mosquitoPoint.mos","D03","OSBS","2017-06-13T12:01Z","2017-06-13T21:34Z","OSBS.2017.24.CULSP.F.A",NA,"OSBS.2017.24.CULSP.F.A.01",NA,2,"Frozen -80C",NA,NA
"380f7685-74c7-4bfa-a35b-0280ab6177e8","OSBS","D03","OSBS","2017-06-13T12:01Z","2017-06-14T13:00Z","OSBS.2017.24.AEDTRI1.F.A",NA,"OSBS.2017.24.AEDTRI1.F.A.01",NA,3,"Frozen -80C",NA,NA
"ecccae94-f9ee-4fe8-8eb3-a99cf784ecee","OSBS_060.mosquitoPoint.mos","D03","OSBS","2017-06-13T12:54Z","2017-06-13T22:22Z","OSBS.2017.24.PSOSP.F.A",NA,"OSBS.2017.24.PSOSP.F.A.01",NA,1,"Frozen -80C",NA,NA
"cce29278-baa1-42b5-9e04-67af313f8075","OSBS","D03","OSBS","2017-06-26T21:21Z","2017-06-29T11:36Z","OSBS.2017.26.AEDMIT.F.A",NA,"OSBS.2017.26.AEDMIT.F.A.01",NA,24,"Frozen -80C",NA,NA
"1c6cd20b-3777-4e2b-bdb4-2c80c3cd35b5","OSBS","D03","OSBS","2017-06-26T21:21Z","2017-06-29T12:26Z","OSBS.2017.26.PSOFER.F.A",NA,"OSBS.2017.26.PSOFER.F.A.01",NA,105,"Frozen -80C",NA,NA
"61f2cc9a-c8d2-4a62-81d3-2eaa93279a93","OSBS","D03","OSBS","2017-06-26T21:21Z","2017-06-29T12:26Z","OSBS.2017.26.AEDFUL.F.A",NA,"OSBS.2017.26.AEDFUL.F.A.01",NA,40,"Frozen -80C",NA,NA
"b62b6706-14f1-4dd0-8e9d-ac6cfd2e567d","OSBS","D03","OSBS","2017-06-26T21:21Z","2017-06-29T12:40Z","OSBS.2017.26.PSOCOL.F.A",NA,"OSBS.2017.26.PSOCOL.F.A.01",NA,255,"Frozen -80C",NA,NA
"61b4d9fc-6799-4421-896e-4db7a2c85252","OSBS","D03","OSBS","2017-06-26T21:41Z","2017-06-29T11:36Z","OSBS.2017.26.MANTIT.F.A",NA,"OSBS.2017.26.MANTIT.F.A.01",NA,34,"Frozen -80C",NA,NA
"54212090-4e64-4094-b53b-7a2f76813e8b","OSBS","D03","OSBS","2017-06-26T21:41Z","2017-06-29T12:40Z","OSBS.2017.26.ANOCRU.F.A",NA,"OSBS.2017.26.ANOCRU.F.A.01",NA,43,"Frozen -80C",NA,NA
"7e92bce0-4f13-4449-90cc-2b63e1ab7be5","OSBS","D03","OSBS","2017-06-26T21:57Z","2017-06-29T12:40Z","OSBS.2017.26.COQPER.F.A",NA,"OSBS.2017.26.COQPER.F.A.01",NA,33,"Frozen -80C",NA,NA
"dacb82be-8a90-4c8b-9fe1-a5680b7acef5","OSBS","D03","OSBS","2017-06-26T22:07Z","2017-06-27T21:41Z","OSBS.2017.26.CULSP1.F.A",NA,"OSBS.2017.26.CULSP1.F.A.01",NA,82,"Frozen -80C",NA,NA
"c9b2b842-0662-448b-870f-1ae76fe6877c","OSBS","D03","OSBS","2017-06-26T22:07Z","2017-06-29T11:59Z","OSBS.2017.26.PSOCIL.F.A",NA,"OSBS.2017.26.PSOCIL.F.A.01",NA,5,"Frozen -80C",NA,NA
"71a9d733-5878-4662-a96b-af957a851ff2","OSBS","D03","OSBS","2017-06-26T22:07Z","2017-06-29T12:26Z","OSBS.2017.26.PSOSP.F.A",NA,"OSBS.2017.26.PSOSP.F.A.01",NA,13,"Frozen -80C",NA,NA
"e6e02de5-717a-4ce7-8ee4-6b0d93f80fcc","OSBS","D03","OSBS","2017-06-26T22:07Z","2017-06-29T12:40Z","OSBS.2017.26.AEDSP.F.A",NA,"OSBS.2017.26.AEDSP.F.A.01",NA,142,"Frozen -80C",NA,NA
"f77da9d9-6e1c-4338-86de-03f295ebe5d4","OSBS_054.mosquitoPoint.mos","D03","OSBS","2017-06-27T12:30Z","2017-06-27T21:41Z","OSBS.2017.26.CULSP.F.A",NA,"OSBS.2017.26.CULSP.F.A.01",NA,24,"Frozen -80C",NA,NA
"11473692-1548-444a-9b59-c26805db0bd0","OSBS","D03","OSBS","2017-06-27T12:30Z","2017-06-28T21:56Z","OSBS.2017.26.AEDTRI1.F.A",NA,"OSBS.2017.26.AEDTRI1.F.A.01",NA,3,"Frozen -80C",NA,NA
"6ab375d8-f192-4505-aef9-1b2d8bbdf36f","OSBS","D03","OSBS","2017-06-27T12:30Z","2017-06-29T12:40Z","OSBS.2017.26.CULCOR.F.A",NA,"OSBS.2017.26.CULCOR.F.A.01",NA,6,"Frozen -80C",NA,NA
"2579d5de-25c2-447a-bf10-0daf047c73be","OSBS","D03","OSBS","2017-06-27T21:41Z","2017-06-28T13:20Z","OSBS.2017.26.CULMEL.F.A",NA,"OSBS.2017.26.CULMEL.F.A.01",NA,3,"Frozen -80C",NA,NA
"ae918714-5a83-449d-ab6e-e0d2311f6e6d","OSBS","D03","OSBS","2017-06-27T22:40Z","2017-06-29T12:26Z","OSBS.2017.26.AEDCAN3.F.A",NA,"OSBS.2017.26.AEDCAN3.F.A.01",NA,3,"Frozen -80C",NA,NA
"271c48fa-2c33-426a-8f78-0314f53455a4","OSBS_058.mosquitoPoint.mos","D03","OSBS","2017-06-28T13:20Z","2017-06-28T21:56Z","OSBS.2017.26.AEDALB.F.A",NA,"OSBS.2017.26.AEDALB.F.A.01",NA,1,"Frozen -80C",NA,NA
"4d1ed93f-71b8-4017-ba19-497f535d9f57","OSBS_057.mosquitoPoint.mos","D03","OSBS","2017-07-10T20:39Z","2017-07-11T11:12Z","OSBS.2017.28.AEDTRI1.F.A",NA,"OSBS.2017.28.AEDTRI1.F.A.01",NA,2,"Frozen -80C",NA,NA
"e7f863e9-1db8-42f6-b719-0e59f0020c98","OSBS","D03","OSBS","2017-07-10T20:39Z","2017-07-11T12:41Z","OSBS.2017.28.PSOSP.F.A",NA,"OSBS.2017.28.PSOSP.F.A.01",NA,4,"Frozen -80C",NA,NA
"7f4c8578-2d3f-46a7-9645-b18edecaa702","OSBS","D03","OSBS","2017-07-10T20:39Z","2017-07-12T13:15Z","OSBS.2017.28.PSOFER.F.A",NA,"OSBS.2017.28.PSOFER.F.A.01",NA,55,"Frozen -80C",NA,NA
"5e7937df-6352-4b79-9ffe-f7aeeae07c18","OSBS","D03","OSBS","2017-07-10T20:39Z","2017-07-12T13:15Z","OSBS.2017.28.AEDSP.F.A",NA,"OSBS.2017.28.AEDSP.F.A.01",NA,69,"Frozen -80C",NA,NA
"3bf602c8-8bfd-49bf-9953-1182b1e14a45","OSBS","D03","OSBS","2017-07-10T20:39Z","2017-07-12T13:46Z","OSBS.2017.28.COQPER.F.A",NA,"OSBS.2017.28.COQPER.F.A.01",NA,13,"Frozen -80C",NA,NA
"a6cc8d23-5f6b-4bab-b112-4346e9078bd1","OSBS","D03","OSBS","2017-07-10T20:39Z","2017-07-12T13:46Z","OSBS.2017.28.PSOCOL.F.A",NA,"OSBS.2017.28.PSOCOL.F.A.01",NA,63,"Frozen -80C",NA,NA
"54bdfa0a-1614-4aab-b05a-0ceb08815573","OSBS_055.mosquitoPoint.mos","D03","OSBS","2017-07-10T20:58Z","2017-07-12T12:11Z","OSBS.2017.28.AEDMIT.F.A",NA,"OSBS.2017.28.AEDMIT.F.A.01",NA,6,"Frozen -80C",NA,NA
"3371f713-3bd5-4d6b-ae10-1c3c1c5f04b4","OSBS","D03","OSBS","2017-07-10T20:58Z","2017-07-12T13:46Z","OSBS.2017.28.MANTIT.F.A",NA,"OSBS.2017.28.MANTIT.F.A.01",NA,25,"Frozen -80C",NA,NA
"e630ecef-5a99-4fb4-9474-7757dc3c803e","OSBS","D03","OSBS","2017-07-10T21:14Z","2017-07-12T13:15Z","OSBS.2017.28.AEDFUL.F.A",NA,"OSBS.2017.28.AEDFUL.F.A.01",NA,10,"Frozen -80C",NA,NA
"66f26a23-aaa4-43cf-a579-6026219468b6","OSBS_052.mosquitoPoint.mos","D03","OSBS","2017-07-10T21:24Z","2017-07-11T11:57Z","OSBS.2017.28.CULMEL.F.A",NA,"OSBS.2017.28.CULMEL.F.A.01",NA,1,"Frozen -80C",NA,NA
"97222888-0391-4d0c-91a2-5e45d27fb00d","OSBS_052.mosquitoPoint.mos","D03","OSBS","2017-07-10T21:24Z","2017-07-11T11:57Z","OSBS.2017.28.CULCOR.F.A",NA,"OSBS.2017.28.CULCOR.F.A.01",NA,1,"Frozen -80C",NA,NA
"1e2f053e-0349-42c4-960b-9668745b7106","OSBS","D03","OSBS","2017-07-10T21:24Z","2017-07-12T13:46Z","OSBS.2017.28.ANOCRU.F.A",NA,"OSBS.2017.28.ANOCRU.F.A.01",NA,31,"Frozen -80C",NA,NA
"1c5d4927-e5dd-4b16-b3d1-3d77e43839cb","OSBS","D03","OSBS","2017-07-11T11:48Z","2017-07-11T22:37Z","OSBS.2017.28.AEDALB.F.A",NA,"OSBS.2017.28.AEDALB.F.A.01",NA,2,"Frozen -80C",NA,NA
"77338f8a-282c-4524-8f74-ebd2e07acf88","OSBS","D03","OSBS","2017-07-11T21:38Z","2017-07-12T12:36Z","OSBS.2017.28.ANOSP.F.A",NA,"OSBS.2017.28.ANOSP.F.A.01",NA,2,"Frozen -80C",NA,NA
"0669746d-b6f3-4fd6-ba26-d0790990f67e","OSBS_056.mosquitoPoint.mos","D03","OSBS","2017-07-11T22:50Z","2017-07-12T13:46Z","OSBS.2017.28.PSOCIL.F.A",NA,"OSBS.2017.28.PSOCIL.F.A.01",NA,1,"Frozen -80C",NA,NA
"5dd05316-d8a9-43e4-8101-b391ba72aca0","OSBS","D03","OSBS","2017-07-24T20:32Z","2017-07-26T13:03Z","OSBS.2017.30.PSOFER.F.A",NA,"OSBS.2017.30.PSOFER.F.A.01",NA,32,"Frozen -80C",NA,NA
"7a008cf2-baf9-4ce4-a06f-766117a5f145","OSBS","D03","OSBS","2017-07-24T20:32Z","2017-07-26T13:15Z","OSBS.2017.30.MANTIT.F.A",NA,"OSBS.2017.30.MANTIT.F.A.01",NA,163,"Frozen -80C",NA,NA
"b652a575-f093-4d43-abcb-a651edad6ff5","OSBS","D03","OSBS","2017-07-24T20:32Z","2017-07-26T13:15Z","OSBS.2017.30.PSOCOL.F.A",NA,"OSBS.2017.30.PSOCOL.F.A.01",NA,65,"Frozen -80C",NA,NA
"c67b8a73-48dc-47fa-8882-9f63897c514a","OSBS","D03","OSBS","2017-07-24T20:32Z","2017-07-26T13:15Z","OSBS.2017.30.ANOCRU.F.A",NA,"OSBS.2017.30.ANOCRU.F.A.01",NA,321,"Frozen -80C",NA,NA
"9b74e521-e227-46ad-83e3-512acd81b23f","OSBS_055.mosquitoPoint.mos","D03","OSBS","2017-07-24T20:50Z","2017-07-25T11:37Z","OSBS.2017.30.ANOQUA.F.A",NA,"OSBS.2017.30.ANOQUA.F.A.01",NA,1,"Frozen -80C",NA,NA
"93fe315c-21ee-45ab-87c4-1fe9a34b0b5c","OSBS","D03","OSBS","2017-07-24T21:11Z","2017-07-26T11:48Z","OSBS.2017.30.AEDTRI1.F.A",NA,"OSBS.2017.30.AEDTRI1.F.A.01",NA,2,"Frozen -80C",NA,NA
"1f0c2590-bcc3-4865-9ad3-b446b69543c2","OSBS","D03","OSBS","2017-07-24T21:20Z","2017-07-25T21:34Z","OSBS.2017.30.AEDMIT.F.A",NA,"OSBS.2017.30.AEDMIT.F.A.01",NA,3,"Frozen -80C",NA,NA
"6cc108a8-a505-48f9-9dfa-388bb95c0018","OSBS","D03","OSBS","2017-07-24T21:28Z","2017-07-26T13:15Z","OSBS.2017.30.COQPER.F.A",NA,"OSBS.2017.30.COQPER.F.A.01",NA,21,"Frozen -80C",NA,NA
"6f234058-668e-4b5a-abf1-cd1be06c21dd","OSBS_060.mosquitoPoint.mos","D03","OSBS","2017-07-24T21:59Z","2017-07-25T12:47Z","OSBS.2017.30.AEDSP.F.A",NA,"OSBS.2017.30.AEDSP.F.A.01",NA,1,"Frozen -80C",NA,NA
"876670e9-66e4-437c-8b02-47f6bbbbb633","OSBS_060.mosquitoPoint.mos","D03","OSBS","2017-07-24T21:59Z","2017-07-25T12:47Z","OSBS.2017.30.ANOSP.F.A",NA,"OSBS.2017.30.ANOSP.F.A.01",NA,4,"Frozen -80C",NA,NA
"c1bdc6d4-207c-4453-ad0b-b1b2e293f301","OSBS","D03","OSBS","2017-07-25T11:22Z","2017-07-26T11:30Z","OSBS.2017.30.AEDALB.F.A",NA,"OSBS.2017.30.AEDALB.F.A.01",NA,4,"Frozen -80C",NA,NA
"c8aa0d24-4e72-4c9b-9ad8-0ecd9623df4a","OSBS_054.mosquitoPoint.mos","D03","OSBS","2017-07-25T11:59Z","2017-07-25T21:12Z","OSBS.2017.30.PSOSP.F.A",NA,"OSBS.2017.30.PSOSP.F.A.01",NA,1,"Frozen -80C",NA,NA
"f1d88576-30b8-4c1c-a9bd-f71026104f80","OSBS","D03","OSBS","2017-07-25T11:59Z","2017-07-26T13:03Z","OSBS.2017.30.AEDHEN.F.A",NA,"OSBS.2017.30.AEDHEN.F.A.01",NA,6,"Frozen -80C",NA,NA
"fac7439a-07ad-4c2b-81d1-0c0f2ad5c032","OSBS","D03","OSBS","2017-07-25T13:05Z","2017-07-26T13:03Z","OSBS.2017.30.AEDFUL.F.A",NA,"OSBS.2017.30.AEDFUL.F.A.01",NA,5,"Frozen -80C",NA,NA
"8490db69-85f2-41a0-ba79-b91d6bd03d93","OSBS_052.mosquitoPoint.mos","D03","OSBS","2017-07-25T21:21Z","2017-07-26T12:13Z","OSBS.2017.30.PSOCIL.F.A",NA,"OSBS.2017.30.PSOCIL.F.A.01",NA,1,"Frozen -80C",NA,NA
"5b7487e2-781b-4127-b824-f16de8e063e9","OSBS","D03","OSBS","2017-07-25T22:00Z","2017-07-26T13:03Z","OSBS.2017.30.CULCOR.F.A",NA,"OSBS.2017.30.CULCOR.F.A.01",NA,2,"Frozen -80C",NA,NA
"76c5db07-0361-460a-afb3-3fd802bc32ba","OSBS","D03","OSBS","2017-08-07T20:47Z","2017-08-09T13:54Z","OSBS.2017.32.ANOCRU.F.A",NA,"OSBS.2017.32.ANOCRU.F.A.01",NA,566,"Frozen -80C",NA,NA
"f8dce3e5-7c9a-4540-be12-60363d020631","OSBS","D03","OSBS","2017-08-07T20:47Z","2017-08-09T13:54Z","OSBS.2017.32.COQPER.F.A",NA,"OSBS.2017.32.COQPER.F.A.01",NA,33,"Frozen -80C",NA,NA
"c15e1b8c-6314-4cfc-a242-3ca5735e10a0","OSBS_055.mosquitoPoint.mos","D03","OSBS","2017-08-07T21:08Z","2017-08-08T11:49Z","OSBS.2017.32.PSOCIL.F.A",NA,"OSBS.2017.32.PSOCIL.F.A.01",NA,1,"Frozen -80C",NA,NA
"6608b88c-7ff7-4536-aa43-7275bc43f5b6","OSBS","D03","OSBS","2017-08-07T21:08Z","2017-08-09T12:49Z","OSBS.2017.32.AEDMIT.F.A",NA,"OSBS.2017.32.AEDMIT.F.A.01",NA,5,"Frozen -80C",NA,NA
"7c8d62f6-0782-4fd4-92b1-f5e500fac62f","OSBS","D03","OSBS","2017-08-07T21:08Z","2017-08-09T13:54Z","OSBS.2017.32.PSOCOL.F.A",NA,"OSBS.2017.32.PSOCOL.F.A.01",NA,33,"Frozen -80C",NA,NA
"54cda5ed-9e53-46cf-b810-264fd9351065","OSBS","D03","OSBS","2017-08-07T21:08Z","2017-08-09T13:54Z","OSBS.2017.32.MANTIT.F.A",NA,"OSBS.2017.32.MANTIT.F.A.01",NA,197,"Frozen -80C",NA,NA
"6b99fba9-563f-499c-8483-aa0d57ac8a4d","OSBS","D03","OSBS","2017-08-07T21:46Z","2017-08-09T12:43Z","OSBS.2017.32.CULCOR.F.A",NA,"OSBS.2017.32.CULCOR.F.A.01",NA,3,"Frozen -80C",NA,NA
"ed5d3b1e-bb84-45c0-a78c-77b1183c71f1","OSBS_059.mosquitoPoint.mos","D03","OSBS","2017-08-07T22:07Z","2017-08-08T12:38Z","OSBS.2017.32.CULMEL.F.A",NA,"OSBS.2017.32.CULMEL.F.A.01",NA,1,"Frozen -80C",NA,NA
"157b5ea1-a657-48bd-9224-b7463d9e5ac3","OSBS_060.mosquitoPoint.mos","D03","OSBS","2017-08-07T22:36Z","2017-08-08T13:05Z","OSBS.2017.32.AEDALB.F.A",NA,"OSBS.2017.32.AEDALB.F.A.01",NA,1,"Frozen -80C",NA,NA
"c8be3b82-c4be-4ad2-a890-e4b77a8a0c77","OSBS","D03","OSBS","2017-08-07T22:36Z","2017-08-08T22:41Z","OSBS.2017.32.PSOFER.F.A",NA,"OSBS.2017.32.PSOFER.F.A.01",NA,7,"Frozen -80C",NA,NA
"1fae19d0-4d83-4fd1-b603-1dfc20bd241e","OSBS","D03","OSBS","2017-08-07T22:36Z","2017-08-09T13:38Z","OSBS.2017.32.AEDTRI1.F.A",NA,"OSBS.2017.32.AEDTRI1.F.A.01",NA,4,"Frozen -80C",NA,NA
"be04f58f-0b04-41f4-a44f-7c34c2358f85","OSBS_058.mosquitoPoint.mos","D03","OSBS","2017-08-07T22:55Z","2017-08-08T13:20Z","OSBS.2017.32.AEDFUL.F.A",NA,"OSBS.2017.32.AEDFUL.F.A.01",NA,1,"Frozen -80C",NA,NA
"99411c37-21f3-44f9-8f68-d2cdc91a1913","OSBS","D03","OSBS","2017-08-07T23:09Z","2017-08-09T13:54Z","OSBS.2017.32.ANOQUA.F.A",NA,"OSBS.2017.32.ANOQUA.F.A.01",NA,5,"Frozen -80C",NA,NA
"4192e031-e471-4d63-97a2-309f39965210","OSBS_057.mosquitoPoint.mos","D03","OSBS","2017-08-21T20:05Z","2017-08-22T11:59Z","OSBS.2017.34.AEDALB.F.A",NA,"OSBS.2017.34.AEDALB.F.A.01",NA,1,"Frozen -80C",NA,NA
"6e7d4d6e-32e4-4a2b-8401-ffa22a612ea1","OSBS","D03","OSBS","2017-08-21T20:05Z","2017-08-23T13:29Z","OSBS.2017.34.COQPER.F.A",NA,"OSBS.2017.34.COQPER.F.A.01",NA,77,"Frozen -80C",NA,NA
"d60dccf8-78fd-4520-8f9c-37cff6e5b7b0","OSBS","D03","OSBS","2017-08-21T20:05Z","2017-08-23T13:45Z","OSBS.2017.34.ANOCRU.F.A",NA,"OSBS.2017.34.ANOCRU.F.A.01",NA,344,"Frozen -80C",NA,NA
"18703df7-82c4-41cf-8878-609055c742b0","OSBS","D03","OSBS","2017-08-21T20:05Z","2017-08-23T13:45Z","OSBS.2017.34.MANTIT.F.A",NA,"OSBS.2017.34.MANTIT.F.A.01",NA,373,"Frozen -80C",NA,NA
"5828c6d2-1f6c-4f1d-932b-1932cb283bf1","OSBS","D03","OSBS","2017-08-21T20:23Z","2017-08-23T12:37Z","OSBS.2017.34.AEDMIT.F.A",NA,"OSBS.2017.34.AEDMIT.F.A.01",NA,11,"Frozen -80C",NA,NA
"c995807c-9475-4b31-a137-ba3e3f29fb9b","OSBS","D03","OSBS","2017-08-21T20:23Z","2017-08-23T12:49Z","OSBS.2017.34.CULSAL.F.A",NA,"OSBS.2017.34.CULSAL.F.A.01",NA,7,"Frozen -80C",NA,NA
"2298eb1f-3f34-4d9c-9f9c-96b545bd88e3","OSBS","D03","OSBS","2017-08-21T20:23Z","2017-08-23T12:53Z","OSBS.2017.34.PSOCOL.F.A",NA,"OSBS.2017.34.PSOCOL.F.A.01",NA,20,"Frozen -80C",NA,NA
"0b3210a9-d67a-4e77-91bb-f9c72a17152c","OSBS","D03","OSBS","2017-08-21T21:31Z","2017-08-23T13:14Z","OSBS.2017.34.PSOFER.F.A",NA,"OSBS.2017.34.PSOFER.F.A.01",NA,19,"Frozen -80C",NA,NA
"09ef8f8e-f5a6-4d3e-9db2-2b50ccc1cca2","OSBS","D03","OSBS","2017-08-21T21:31Z","2017-08-23T13:29Z","OSBS.2017.34.CULMEL.F.A",NA,"OSBS.2017.34.CULMEL.F.A.01",NA,5,"Frozen -80C",NA,NA
"d333d9ac-551b-4980-a41d-9959ebf8c279","OSBS_058.mosquitoPoint.mos","D03","OSBS","2017-08-21T21:46Z","2017-08-22T13:41Z","OSBS.2017.34.AEDFUL.F.A",NA,"OSBS.2017.34.AEDFUL.F.A.01",NA,1,"Frozen -80C",NA,NA
"faf78329-0090-4e8e-b671-c58397de68bd","OSBS_060.mosquitoPoint.mos","D03","OSBS","2017-08-22T13:26Z","2017-08-22T22:19Z","OSBS.2017.34.AEDTRI1.F.A",NA,"OSBS.2017.34.AEDTRI1.F.A.01",NA,1,"Frozen -80C",NA,NA
"ced0ccba-ad6c-43d3-8b53-bea41e2170e3","OSBS_058.mosquitoPoint.mos","D03","OSBS","2017-08-22T13:41Z","2017-08-22T22:33Z","OSBS.2017.34.AEDINF.F.A",NA,"OSBS.2017.34.AEDINF.F.A.01",NA,26,"Frozen -80C",NA,NA
"0c1cf91d-70b8-44c2-a491-a5476f524e68","OSBS_055.mosquitoPoint.mos","D03","OSBS","2017-08-22T21:00Z","2017-08-23T12:12Z","OSBS.2017.34.ANOQUA.F.A",NA,"OSBS.2017.34.ANOQUA.F.A.01",NA,1,"Frozen -80C",NA,NA
"68d712d5-454b-4c17-b00a-3e34d32e4e7e","OSBS_057.mosquitoPoint.mos","D03","OSBS","2017-09-05T20:01Z","2017-09-06T11:50Z","OSBS.2017.36.AEDALB.F.A",NA,"OSBS.2017.36.AEDALB.F.A.01",NA,1,"Frozen -80C",NA,NA
"a5894219-5d12-434e-bc1d-8cd74657d2c6","OSBS","D03","OSBS","2017-09-05T20:01Z","2017-09-07T13:37Z","OSBS.2017.36.MANTIT.F.A",NA,"OSBS.2017.36.MANTIT.F.A.01",NA,435,"Frozen -80C",NA,NA
"1cd97928-05db-452d-8040-0e631d45c898","OSBS","D03","OSBS","2017-09-05T20:01Z","2017-09-07T13:37Z","OSBS.2017.36.ANOCRU.F.A",NA,"OSBS.2017.36.ANOCRU.F.A.01",NA,208,"Frozen -80C",NA,NA
"c40fa985-e5a2-4a62-b3aa-46ce5eb941b1","OSBS_055.mosquitoPoint.mos","D03","OSBS","2017-09-05T20:32Z","2017-09-07T12:13Z","OSBS.2017.36.AEDMIT.F.A",NA,"OSBS.2017.36.AEDMIT.F.A.01",NA,3,"Frozen -80C",NA,NA
"69bf2064-f79f-4358-aa90-4a89e084bc72","OSBS_055.mosquitoPoint.mos","D03","OSBS","2017-09-05T20:32Z","2017-09-07T12:13Z","OSBS.2017.36.ANOQUA.F.A",NA,"OSBS.2017.36.ANOQUA.F.A.01",NA,2,"Frozen -80C",NA,NA
"72215e76-31bf-4b5c-ae7c-89cf9b4e24fd","OSBS","D03","OSBS","2017-09-05T20:32Z","2017-09-07T12:53Z","OSBS.2017.36.PSOCOL.F.A",NA,"OSBS.2017.36.PSOCOL.F.A.01",NA,11,"Frozen -80C",NA,NA
"4247f391-4aca-490f-8d4a-40cf1ae2d747","OSBS","D03","OSBS","2017-09-05T20:32Z","2017-09-07T13:37Z","OSBS.2017.36.COQPER.F.A",NA,"OSBS.2017.36.COQPER.F.A.01",NA,95,"Frozen -80C",NA,NA
"c584f4e7-247e-4ef6-b905-66e878610c3b","OSBS","D03","OSBS","2017-09-05T21:26Z","2017-09-07T13:25Z","OSBS.2017.36.AEDTRI1.F.A",NA,"OSBS.2017.36.AEDTRI1.F.A.01",NA,2,"Frozen -80C",NA,NA
"f9ff84a3-4e9d-49d3-9080-4d91253b40d2","OSBS_061.mosquitoPoint.mos","D03","OSBS","2017-09-05T21:58Z","2017-09-06T12:57Z","OSBS.2017.36.PSOCIL.F.A",NA,"OSBS.2017.36.PSOCIL.F.A.01",NA,1,"Frozen -80C",NA,NA
"820fd28b-926e-493b-b30a-1811ca1e51de","OSBS_060.mosquitoPoint.mos","D03","OSBS","2017-09-05T22:32Z","2017-09-06T22:15Z","OSBS.2017.36.PSOFER.F.A",NA,"OSBS.2017.36.PSOFER.F.A.01",NA,4,"Frozen -80C",NA,NA
"bce2dd8e-cd17-4eb9-bc67-7cbe6df5c4b2","OSBS","D03","OSBS","2017-09-05T22:32Z","2017-09-07T13:25Z","OSBS.2017.36.CULMEL.F.A",NA,"OSBS.2017.36.CULMEL.F.A.01",NA,5,"Frozen -80C",NA,NA
"5348f4b6-fde5-4be5-ae4c-41e77b17ec1a","OSBS_058.mosquitoPoint.mos","D03","OSBS","2017-09-05T22:46Z","2017-09-06T13:37Z","OSBS.2017.36.AEDVEX.F.A",NA,"OSBS.2017.36.AEDVEX.F.A.01",NA,1,"Frozen -80C",NA,NA
"b15d327c-46ba-4dad-9583-abca735ab5c5","OSBS_057.mosquitoPoint.mos","D03","OSBS","2017-09-06T20:00Z","2017-09-07T11:56Z","OSBS.2017.36.CULCOR.F.A",NA,"OSBS.2017.36.CULCOR.F.A.01",NA,1,"Frozen -80C",NA,NA
"722e5830-7e91-4c13-aef5-75c61fcacda3","OSBS_060.mosquitoPoint.mos","D03","OSBS","2017-09-06T22:15Z","2017-09-07T13:13Z","OSBS.2017.36.ANOSP.F.A",NA,"OSBS.2017.36.ANOSP.F.A.01",NA,6,"Frozen -80C",NA,NA
"80c398dc-50aa-4c36-87e7-1e58826a5e15","OSBS_060.mosquitoPoint.mos","D03","OSBS","2017-09-06T22:15Z","2017-09-07T13:13Z","OSBS.2017.36.CULSP.F.A",NA,"OSBS.2017.36.CULSP.F.A.01",NA,12,"Frozen -80C",NA,NA
"d540851c-7956-4a99-aca0-9528f0d5c827","OSBS_060.mosquitoPoint.mos","D03","OSBS","2017-09-06T22:15Z","2017-09-07T13:13Z","OSBS.2017.36.AEDSP.F.A",NA,"OSBS.2017.36.AEDSP.F.A.01",NA,2,"Frozen -80C",NA,NA
"e518ac04-7ff3-4336-81f0-2e6c95f95faf","OSBS","D03","OSBS","2017-09-20T20:01Z","2017-09-21T12:34Z","OSBS.2017.38.AEDTRI1.F.A",NA,"OSBS.2017.38.AEDTRI1.F.A.01",NA,3,"Frozen -80C",NA,NA
"46a46d1b-330a-4c7a-bdc4-1af7d7948e9e","OSBS","D03","OSBS","2017-09-20T20:01Z","2017-09-21T22:25Z","OSBS.2017.38.PSOFER.M.A",NA,"OSBS.2017.38.PSOFER.M.A.01",NA,4,"Frozen -80C",NA,NA
"77473391-509a-4956-a8a0-c83610ba9b78","OSBS","D03","OSBS","2017-09-20T20:01Z","2017-09-22T12:35Z","OSBS.2017.38.PSOCIL.F.A",NA,"OSBS.2017.38.PSOCIL.F.A.01",NA,2,"Frozen -80C",NA,NA
"71b60b08-434b-43ab-8cbc-0c1354fb5552","OSBS","D03","OSBS","2017-09-20T20:01Z","2017-09-22T13:24Z","OSBS.2017.38.AEDVEX.F.A",NA,"OSBS.2017.38.AEDVEX.F.A.01",NA,4,"Frozen -80C",NA,NA
"12e6e70a-ed1f-4d97-8dc1-efb46cc8f921","OSBS","D03","OSBS","2017-09-20T20:01Z","2017-09-22T13:41Z","OSBS.2017.38.PSOCOL.F.A",NA,"OSBS.2017.38.PSOCOL.F.A.01",NA,168,"Frozen -80C",NA,NA
"5930d30a-aa9b-43bc-a899-cbe3fee88b00","OSBS","D03","OSBS","2017-09-20T20:01Z","2017-09-22T13:41Z","OSBS.2017.38.PSOFER.F.A",NA,"OSBS.2017.38.PSOFER.F.A.01",NA,308,"Frozen -80C",NA,NA
"0b8da9e7-3d47-4d4a-959d-0a8b0c76fa95","OSBS","D03","OSBS","2017-09-20T20:01Z","2017-09-22T13:41Z","OSBS.2017.38.COQPER.F.A",NA,"OSBS.2017.38.COQPER.F.A.01",NA,38,"Frozen -80C",NA,NA
"4f2f1403-6a76-4575-8f94-95bfc25b841f","OSBS","D03","OSBS","2017-09-20T20:01Z","2017-09-22T13:41Z","OSBS.2017.38.ANOCRU.F.A",NA,"OSBS.2017.38.ANOCRU.F.A.01",NA,433,"Frozen -80C",NA,NA
"20e946aa-4ea6-4943-acf6-161d336cd648","OSBS","D03","OSBS","2017-09-20T20:01Z","2017-09-22T13:41Z","OSBS.2017.38.MANTIT.F.A",NA,"OSBS.2017.38.MANTIT.F.A.01",NA,316,"Frozen -80C",NA,NA
"8c782864-9514-4ee4-8d87-9912af305e3a","OSBS","D03","OSBS","2017-09-20T20:22Z","2017-09-22T12:35Z","OSBS.2017.38.AEDMIT.F.A",NA,"OSBS.2017.38.AEDMIT.F.A.01",NA,7,"Frozen -80C",NA,NA
"d3d3b880-32f4-429c-b35b-ab8189bf1bf7","OSBS_052.mosquitoPoint.mos","D03","OSBS","2017-09-20T20:51Z","2017-09-21T12:28Z","OSBS.2017.38.CULMEL.F.A",NA,"OSBS.2017.38.CULMEL.F.A.01",NA,1,"Frozen -80C",NA,NA
"604c7c6a-9451-4358-947f-8bd77062b590","OSBS","D03","OSBS","2017-09-20T21:05Z","2017-09-21T12:47Z","OSBS.2017.38.CULSAL.F.A",NA,"OSBS.2017.38.CULSAL.F.A.01",NA,5,"Frozen -80C",NA,NA
"9f6ee481-2dbc-4696-826f-a172291858d8","OSBS_056.mosquitoPoint.mos","D03","OSBS","2017-09-20T22:01Z","2017-09-22T13:41Z","OSBS.2017.38.ANOSP.F.A",NA,"OSBS.2017.38.ANOSP.F.A.01",NA,12,"Frozen -80C",NA,NA
"3765f145-79b4-40b4-a687-3cc0809e1739","OSBS_057.mosquitoPoint.mos","D03","OSBS","2017-09-21T11:43Z","2017-09-21T21:38Z","OSBS.2017.38.AEDALB.F.A",NA,"OSBS.2017.38.AEDALB.F.A.01",NA,1,"Frozen -80C",NA,NA
"a69d7177-a0fa-48c6-8768-f31ef34a646d","OSBS","D03","OSBS","2017-09-21T20:24Z","2017-09-22T13:24Z","OSBS.2017.38.CULCOR.F.A",NA,"OSBS.2017.38.CULCOR.F.A.01",NA,2,"Frozen -80C",NA,NA
"0ecba96d-9b72-49e3-9976-5e643a793290","OSBS_053.mosquitoPoint.mos","D03","OSBS","2017-09-21T20:36Z","2017-09-22T12:35Z","OSBS.2017.38.PSOHOW.F.A",NA,"OSBS.2017.38.PSOHOW.F.A.01",NA,1,"Frozen -80C",NA,NA
"2f2177e6-55c0-485b-8e2e-789cd8e921c2","OSBS","D03","OSBS","2017-10-02T20:13Z","2017-10-04T12:33Z","OSBS.2017.40.ANOQUA.F.A",NA,"OSBS.2017.40.ANOQUA.F.A.01",NA,4,"Frozen -80C",NA,NA
"fc8bc3b4-5a57-4f10-a0a0-9768c3dc38ca","OSBS","D03","OSBS","2017-10-02T20:13Z","2017-10-04T13:52Z","OSBS.2017.40.ANOCRU.F.A",NA,"OSBS.2017.40.ANOCRU.F.A.01",NA,313,"Frozen -80C",NA,NA
"341e85f7-62a6-4d65-a9a7-9a500392c47d","OSBS","D03","OSBS","2017-10-02T20:13Z","2017-10-04T13:52Z","OSBS.2017.40.MANTIT.F.A",NA,"OSBS.2017.40.MANTIT.F.A.01",NA,412,"Frozen -80C",NA,NA
"b93d5d09-0cf0-45ce-8443-b398bece54db","OSBS_055.mosquitoPoint.mos","D03","OSBS","2017-10-02T20:53Z","2017-10-03T12:17Z","OSBS.2017.40.AEDMIT.F.A",NA,"OSBS.2017.40.AEDMIT.F.A.01",NA,1,"Frozen -80C",NA,NA
"24807585-e8d0-40a9-9e42-635e79e2aac3","OSBS","D03","OSBS","2017-10-02T21:08Z","2017-10-04T12:49Z","OSBS.2017.40.PSOCOL.F.A",NA,"OSBS.2017.40.PSOCOL.F.A.01",NA,7,"Frozen -80C",NA,NA
"f998f423-41fc-4d68-9ec8-c20051199ffa","OSBS","D03","OSBS","2017-10-02T21:16Z","2017-10-04T13:39Z","OSBS.2017.40.AEDFUL.F.A",NA,"OSBS.2017.40.AEDFUL.F.A.01",NA,2,"Frozen -80C",NA,NA
"71f271d8-7eed-41d2-88c3-cca0a99b9897","OSBS","D03","OSBS","2017-10-02T21:23Z","2017-10-04T13:52Z","OSBS.2017.40.COQPER.F.A",NA,"OSBS.2017.40.COQPER.F.A.01",NA,8,"Frozen -80C",NA,NA
"212e5d8b-d831-40d7-8bb4-a01b1b427b3d","OSBS","D03","OSBS","2017-10-02T21:30Z","2017-10-04T13:01Z","OSBS.2017.40.MANTIT.M.A",NA,"OSBS.2017.40.MANTIT.M.A.01",NA,4,"Frozen -80C",NA,NA
"18bf4660-0d4a-4184-927e-a13bbd2a7587","OSBS","D03","OSBS","2017-10-02T21:58Z","2017-10-04T13:39Z","OSBS.2017.40.PSOFER.F.A",NA,"OSBS.2017.40.PSOFER.F.A.01",NA,2,"Frozen -80C",NA,NA
"70d5cc24-369d-4cca-9b17-7b2e0243ab36","OSBS_057.mosquitoPoint.mos","D03","OSBS","2017-10-03T19:54Z","2017-10-04T11:58Z","OSBS.2017.40.AEDTRI1.F.A",NA,"OSBS.2017.40.AEDTRI1.F.A.01",NA,1,"Frozen -80C",NA,NA
"ce7c1e17-61c6-4915-8a7c-e1092c632a40","OSBS_058.mosquitoPoint.mos","D03","OSBS","2017-10-03T21:39Z","2017-10-04T13:39Z","OSBS.2017.40.CULCOR.F.A",NA,"OSBS.2017.40.CULCOR.F.A.01",NA,1,"Frozen -80C",NA,NA
"1afe074d-7b04-44bd-adfc-d139f3e609bc","OSBS","D03","OSBS","2017-10-16T19:27Z","2017-10-18T13:18Z","OSBS.2017.42.PSOCOL.F.A",NA,"OSBS.2017.42.PSOCOL.F.A.01",NA,50,"Frozen -80C",NA,NA
"b2dba2d6-e9f6-4208-88cc-e74de4ee9193","OSBS","D03","OSBS","2017-10-16T19:27Z","2017-10-18T13:32Z","OSBS.2017.42.MANTIT.F.A",NA,"OSBS.2017.42.MANTIT.F.A.01",NA,328,"Frozen -80C",NA,NA
"c45113cc-a388-4219-bdc3-ad3e8f63e46b","OSBS","D03","OSBS","2017-10-16T19:27Z","2017-10-18T13:32Z","OSBS.2017.42.ANOCRU.F.A",NA,"OSBS.2017.42.ANOCRU.F.A.01",NA,310,"Frozen -80C",NA,NA
"188a4d89-e182-45b9-b1af-1df95b1e51fd","OSBS","D03","OSBS","2017-10-16T19:38Z","2017-10-18T13:32Z","OSBS.2017.42.COQPER.F.A",NA,"OSBS.2017.42.COQPER.F.A.01",NA,17,"Frozen -80C",NA,NA
"f4176933-4add-4227-b8d0-b5877d9cb8da","OSBS","D03","OSBS","2017-10-16T19:58Z","2017-10-18T12:20Z","OSBS.2017.42.ANOQUA.F.A",NA,"OSBS.2017.42.ANOQUA.F.A.01",NA,6,"Frozen -80C",NA,NA
"1f1e62ae-8ec0-4da6-baa5-769441967bab","OSBS","D03","OSBS","2017-10-16T20:25Z","2017-10-18T12:34Z","OSBS.2017.42.AEDMIT.F.A",NA,"OSBS.2017.42.AEDMIT.F.A.01",NA,4,"Frozen -80C",NA,NA
"2c6cd5ae-0b36-4f20-b88d-fdfd302317c2","OSBS_060.mosquitoPoint.mos","D03","OSBS","2017-10-16T21:11Z","2017-10-17T13:12Z","OSBS.2017.42.PSOCIL.F.A",NA,"OSBS.2017.42.PSOCIL.F.A.01",NA,1,"Frozen -80C",NA,NA
"4f2d1d5c-c813-4c0c-ac9d-87f38a6fc160","OSBS","D03","OSBS","2017-10-16T21:26Z","2017-10-18T13:18Z","OSBS.2017.42.PSOFER.F.A",NA,"OSBS.2017.42.PSOFER.F.A.01",NA,5,"Frozen -80C",NA,NA
"91053a1b-a1d8-4d9b-b2ee-b6e3c3d5d677","OSBS","D03","OSBS","2017-10-17T12:46Z","2017-10-18T12:41Z","OSBS.2017.42.CULSAL.F.A",NA,"OSBS.2017.42.CULSAL.F.A.01",NA,7,"Frozen -80C",NA,NA
"00c78f1b-fa3f-4a3d-9729-dae835aeb0c1","OSBS_057.mosquitoPoint.mos","D03","OSBS","2017-10-17T19:16Z","2017-10-18T11:47Z","OSBS.2017.42.CULCOR.F.A",NA,"OSBS.2017.42.CULCOR.F.A.01",NA,1,"Frozen -80C",NA,NA
"f25d7332-1456-471c-af87-d99644f5ea77","OSBS_057.mosquitoPoint.mos","D03","OSBS","2017-10-17T19:16Z","2017-10-18T11:47Z","OSBS.2017.42.AEDVEX.F.A",NA,"OSBS.2017.42.AEDVEX.F.A.01",NA,1,"Frozen -80C",NA,NA
"cc2ecf63-1695-4097-9106-942bb616fc87","OSBS_058.mosquitoPoint.mos","D03","OSBS","2017-10-17T21:12Z","2017-10-18T13:18Z","OSBS.2017.42.CULMEL.F.A",NA,"OSBS.2017.42.CULMEL.F.A.01",NA,1,"Frozen -80C",NA,NA
"56c698da-e848-4f67-b8bf-a16a099f60ca","OSBS","D03","OSBS","2017-10-30T19:43Z","2017-11-01T13:31Z","OSBS.2017.44.COQPER.F.A",NA,"OSBS.2017.44.COQPER.F.A.01","",17,"Frozen -80C",NA,NA
"288d2eb4-c50c-4c92-a63b-d35105b743e0","OSBS","D03","OSBS","2017-10-30T19:43Z","2017-11-01T13:45Z","OSBS.2017.44.ANOCRU.F.A",NA,"OSBS.2017.44.ANOCRU.F.A.01|OSBS.2017.44.ANOCRU.F.A.02","|",1036,"Frozen -80C",NA,NA
"1fe3ec4c-504c-485b-b038-e29b2589f127","OSBS","D03","OSBS","2017-10-30T19:43Z","2017-11-01T13:45Z","OSBS.2017.44.MANTIT.F.A",NA,"OSBS.2017.44.MANTIT.F.A.01","",143,"Frozen -80C",NA,NA
"17116a6a-6cec-4331-80d0-8497ecf7e004","OSBS","D03","OSBS","2017-10-30T20:28Z","2017-11-01T12:38Z","OSBS.2017.44.ANOQUA.F.A",NA,"OSBS.2017.44.ANOQUA.F.A.01","",3,"Frozen -80C",NA,NA
"948ea06f-b899-4945-8200-ca95834e5e25","OSBS","D03","OSBS","2017-10-30T20:50Z","2017-11-01T13:10Z","OSBS.2017.44.CULNIG.M.A",NA,"OSBS.2017.44.CULNIG.M.A.01","",3,"Frozen -80C",NA,NA
"4b73e538-6a4b-4c4e-8a10-68e7c1139068","OSBS","D03","OSBS","2017-10-30T21:16Z","2017-11-01T13:31Z","OSBS.2017.44.AEDATL.F.A",NA,"OSBS.2017.44.AEDATL.F.A.01","",8,"Frozen -80C",NA,NA
"5852f29e-cd8b-40cd-93e6-869f95b5df35","OSBS","D03","OSBS","2017-10-30T21:30Z","2017-11-01T12:38Z","OSBS.2017.44.PSOCOL.F.A",NA,"OSBS.2017.44.PSOCOL.F.A.01","",2,"Frozen -80C",NA,NA
"dedc69bf-1193-41e9-b6b9-998cc9b5c933","OSBS","D03","OSBS","2017-10-31T13:00Z","2017-11-01T13:31Z","OSBS.2017.44.AEDINF.F.A",NA,"OSBS.2017.44.AEDINF.F.A.01","",6,"Frozen -80C",NA,NA
"1c268126-8438-440b-a6dd-014cd87abb45","OSBS","D03","OSBS","2017-10-31T13:42Z","2017-11-01T13:31Z","OSBS.2017.44.AEDSP.F.A",NA,"OSBS.2017.44.AEDSP.F.A.01","",5,"Frozen -80C",NA,NA
"fb9b5710-8812-462f-9b0e-aee8dccc6e53","OSBS","D03","OSBS","2017-10-31T18:51Z","2017-11-01T13:45Z","OSBS.2017.44.CULMEL.F.A",NA,"OSBS.2017.44.CULMEL.F.A.01","",7,"Frozen -80C",NA,NA
"253cead5-c870-4e62-8041-6447e8518979","OSBS_052.mosquitoPoint.mos","D03","OSBS","2017-10-31T19:33Z","2017-11-01T12:33Z","OSBS.2017.44.PSOCIL.F.A",NA,"OSBS.2017.44.PSOCIL.F.A.01","",1,"Frozen -80C",NA,NA
"ef2587da-2dd2-4c79-8e07-744bb68ed733","OSBS","D03","OSBS","2017-10-31T19:33Z","2017-11-01T13:31Z","OSBS.2017.44.AEDVEX.F.A",NA,"OSBS.2017.44.AEDVEX.F.A.01","",2,"Frozen -80C",NA,NA
"b71d0365-100b-4682-8403-aa9c47d91153","OSBS_058.mosquitoPoint.mos","D03","OSBS","2017-10-31T20:29Z","2017-11-01T13:31Z","OSBS.2017.44.CULERR.M.A",NA,"OSBS.2017.44.CULERR.M.A.01","",1,"Frozen -80C",NA,NA
"479694e7-89e7-4fa1-9c29-57b40e241cce","OSBS_058.mosquitoPoint.mos","D03","OSBS","2017-10-31T20:29Z","2017-11-01T13:31Z","OSBS.2017.44.PSOFER.F.A",NA,"OSBS.2017.44.PSOFER.F.A.01","",1,"Frozen -80C",NA,NA
"0d94f8c3-29db-4f77-9dc4-026f1584655a","OSBS_056.mosquitoPoint.mos","D03","OSBS","2017-10-31T20:43Z","2017-11-01T13:45Z","OSBS.2017.44.COQPER.M.A",NA,"OSBS.2017.44.COQPER.M.A.01","",1,"Frozen -80C",NA,NA
"c861d8f6-02c5-4aeb-afd7-1ef0302d0915","OSBS_056.mosquitoPoint.mos","D03","OSBS","2017-10-31T20:43Z","2017-11-01T13:45Z","OSBS.2017.44.ANOCRU.M.A",NA,"OSBS.2017.44.ANOCRU.M.A.01","",1,"Frozen -80C",NA,NA
"55aa044f-50f7-4d81-a8ad-5212fcb446dc","OSBS_057.mosquitoPoint.mos","D03","OSBS","2017-11-13T18:53Z","2017-11-14T12:40Z","OSBS.2017.46.AEDVEX.F.A",NA,"OSBS.2017.46.AEDVEX.F.A.01","",1,"Frozen -80C",NA,NA
"1ae99ae3-3073-4ab2-b67c-772990c86cea","OSBS","D03","OSBS","2017-11-13T18:53Z","2017-11-16T14:17Z","OSBS.2017.46.CULMEL.F.A",NA,"OSBS.2017.46.CULMEL.F.A.01","",42,"Frozen -80C",NA,NA
"adf4bffe-f376-4cb8-80ac-cd53c4695d5d","OSBS","D03","OSBS","2017-11-13T18:53Z","2017-11-16T14:34Z","OSBS.2017.46.COQPER.F.A",NA,"OSBS.2017.46.COQPER.F.A.01","",29,"Frozen -80C",NA,NA
"ccfc177a-eea0-4ff4-ad9a-fdb8231428ce","OSBS","D03","OSBS","2017-11-13T18:53Z","2017-11-16T14:34Z","OSBS.2017.46.MANTIT.F.A",NA,"OSBS.2017.46.MANTIT.F.A.01","",448,"Frozen -80C",NA,NA
"f4992628-c422-4017-9410-1b83c8f98187","OSBS","D03","OSBS","2017-11-13T18:53Z","2017-11-16T14:34Z","OSBS.2017.46.ANOCRU.F.A",NA,"OSBS.2017.46.ANOCRU.F.A.01","",402,"Frozen -80C",NA,NA
"4ac21853-1bc4-491c-b9ca-00a104e64155","OSBS","D03","OSBS","2017-11-13T19:10Z","2017-11-16T14:34Z","OSBS.2017.46.ANOQUA.F.A",NA,"OSBS.2017.46.ANOQUA.F.A.01","",6,"Frozen -80C",NA,NA
"2e05e01c-c100-4ad8-9b6b-4a313252a626","OSBS","D03","OSBS","2017-11-13T19:31Z","2017-11-16T14:34Z","OSBS.2017.46.ANOSP.F.A",NA,"OSBS.2017.46.ANOSP.F.A.01","",18,"Frozen -80C",NA,NA
"9da781f2-332a-4976-ad09-3b70531f5620","OSBS_059.mosquitoPoint.mos","D03","OSBS","2017-11-13T19:51Z","2017-11-14T13:35Z","OSBS.2017.46.URALOW.F.A",NA,"OSBS.2017.46.URALOW.F.A.01","",2,"Frozen -80C",NA,NA
"ead2428a-562d-433d-8977-b414c4aa6262","OSBS","D03","OSBS","2017-11-14T20:26Z","2017-11-16T14:34Z","OSBS.2017.46.MANTIT.M.A",NA,"OSBS.2017.46.MANTIT.M.A.01","",2,"Frozen -80C",NA,NA
"a9dac264-18b5-4c4b-8ae8-d97009902c32","OSBS","D03","OSBS","2017-11-27T19:08Z","2017-11-29T14:39Z","OSBS.2017.48.COQPER.F.A",NA,"OSBS.2017.48.COQPER.F.A.01","",18,"Frozen -80C",NA,NA
"9252e3f8-fde9-4b51-b00b-f4833819178b","OSBS","D03","OSBS","2017-11-27T19:08Z","2017-11-29T14:39Z","OSBS.2017.48.CULMEL.F.A",NA,"OSBS.2017.48.CULMEL.F.A.01","",253,"Frozen -80C",NA,NA
"0f61c554-5c19-4e35-92d9-2f51b041e254","OSBS","D03","OSBS","2017-11-27T19:08Z","2017-11-29T14:52Z","OSBS.2017.48.ANOCRU.F.A",NA,"OSBS.2017.48.ANOCRU.F.A.01","",780,"Frozen -80C",NA,NA
"ba7cd9bf-1e4c-4197-b005-617da6057a79","OSBS","D03","OSBS","2017-11-27T19:08Z","2017-11-29T14:52Z","OSBS.2017.48.ANOSP.F.A",NA,"OSBS.2017.48.ANOSP.F.A.01","",50,"Frozen -80C",NA,NA
"5638191e-e8c5-41ea-91be-cb4723fc9cc7","OSBS","D03","OSBS","2017-11-27T19:08Z","2017-11-29T14:52Z","OSBS.2017.48.MANTIT.F.A",NA,"OSBS.2017.48.MANTIT.F.A.01","",553,"Frozen -80C",NA,NA
"7e65c38b-cae1-4213-8523-1e2b1ad1f9a9","OSBS","D03","OSBS","2017-11-27T19:35Z","2017-11-29T13:45Z","OSBS.2017.48.ANOQUA.F.A",NA,"OSBS.2017.48.ANOQUA.F.A.01","",60,"Frozen -80C",NA,NA
"d3ff759e-9213-444e-87ab-c50849a202e8","OSBS","D03","OSBS","2017-11-27T19:58Z","2017-11-29T13:31Z","OSBS.2017.48.AEDVEX.F.A",NA,"OSBS.2017.48.AEDVEX.F.A.01","",6,"Frozen -80C",NA,NA
"c19bc6cb-1869-4fb6-bc02-a2d25139865c","OSBS","D03","OSBS","2017-11-27T20:05Z","2017-11-28T20:32Z","OSBS.2017.48.AEDATL.F.A",NA,"OSBS.2017.48.AEDATL.F.A.01","",2,"Frozen -80C",NA,NA
"0e569d49-4a84-44e0-a9cd-24fa3ea4b87e","OSBS","D03","OSBS","2017-11-27T20:38Z","2017-11-29T13:55Z","OSBS.2017.48.URASAP.F.A",NA,"OSBS.2017.48.URASAP.F.A.01","",4,"Frozen -80C",NA,NA
"05f6232e-6bfe-4544-b83e-f15462fd557d","OSBS_057.mosquitoPoint.mos","D03","OSBS","2017-11-28T18:56Z","2017-11-29T12:51Z","OSBS.2017.48.MANTIT.M.A",NA,"OSBS.2017.48.MANTIT.M.A.01","",1,"Frozen -80C",NA,NA
"12147464-2fa9-4e8d-a4f6-e707f4030999","OSBS","D03","OSBS","2017-11-28T18:56Z","2017-11-29T14:39Z","OSBS.2017.48.CULCOR.F.A",NA,"OSBS.2017.48.CULCOR.F.A.01","",2,"Frozen -80C",NA,NA
"494a1682-1dd6-4c22-b823-c1ee9f8fdb2b","OSBS_059.mosquitoPoint.mos","D03","OSBS","2017-11-28T19:53Z","2017-11-29T13:55Z","OSBS.2017.48.URALOW.F.A",NA,"OSBS.2017.48.URALOW.F.A.01","",3,"Frozen -80C",NA,NA
"9dbbb6ef-ee94-4d32-b984-4622f54e0ede","OSBS_060.mosquitoPoint.mos","D03","OSBS","2017-11-28T20:18Z","2017-11-29T14:21Z","OSBS.2017.48.AEDTRI1.F.A",NA,"OSBS.2017.48.AEDTRI1.F.A.01","",2,"Frozen -80C",NA,NA
"0c0b5601-0df9-4b60-812c-47809348a818","OSBS","D03","OSBS","2017-12-11T18:40Z","2017-12-13T14:12Z","OSBS.2017.50.CULMEL.F.A",NA,"OSBS.2017.50.CULMEL.F.A.01",NA,17,"Frozen -80C",NA,NA
"c7e0b7db-c45d-4643-ac74-05da099b8157","OSBS","D03","OSBS","2017-12-11T18:40Z","2017-12-13T14:27Z","OSBS.2017.50.MANTIT.F.A",NA,"OSBS.2017.50.MANTIT.F.A.01",NA,42,"Frozen -80C",NA,NA
"ec34aa64-4cdb-436c-928f-d2e792bc2d2f","OSBS","D03","OSBS","2017-12-11T18:40Z","2017-12-13T14:27Z","OSBS.2017.50.ANOCRU.F.A",NA,"OSBS.2017.50.ANOCRU.F.A.01",NA,336,"Frozen -80C",NA,NA
"4629f478-caa5-4b6e-a317-ac0771d29630","OSBS","D03","OSBS","2017-12-11T19:42Z","2017-12-12T19:43Z","OSBS.2017.50.CULSP1.F.A",NA,"OSBS.2017.50.CULSP1.F.A.01",NA,4,"Frozen -80C",NA,NA
"8c3f28d2-4dfa-4e12-9bea-28bd36ae3f08","OSBS","D03","OSBS","2017-12-11T19:48Z","2017-12-13T13:59Z","OSBS.2017.50.ANOSP.F.A",NA,"OSBS.2017.50.ANOSP.F.A.01",NA,3,"Frozen -80C",NA,NA
"e645bc98-de5e-47cb-8334-be51a37e9e4d","OSBS","D03","OSBS","2017-12-12T13:48Z","2017-12-13T13:59Z","OSBS.2017.50.CULERR.F.A",NA,"OSBS.2017.50.CULERR.F.A.01",NA,3,"Frozen -80C",NA,NA
"a8f8343d-8dff-4ecc-b8ff-a9164276c470","OSBS","D03","OSBS","2017-12-12T19:10Z","2017-12-13T14:12Z","OSBS.2017.50.CULNIG.F.A",NA,"OSBS.2017.50.CULNIG.F.A.01",NA,2,"Frozen -80C",NA,NA
"ba84bb66-841f-4f80-8b76-a92b2983d961","OSBS","D03","OSBS","2017-12-27T18:28Z","2017-12-29T13:02Z","OSBS.2017.52.MANTIT.F.A",NA,"OSBS.2017.52.MANTIT.F.A.01",NA,43,"Frozen -80C",NA,NA
"5b33ab5d-bc8a-4c25-ac24-88ddd78a012b","OSBS","D03","OSBS","2017-12-27T18:28Z","2017-12-29T14:50Z","OSBS.2017.52.ANOCRU.F.A",NA,"OSBS.2017.52.ANOCRU.F.A.01",NA,535,"Frozen -80C",NA,NA
"de7d03d3-153d-40ec-86fe-46a2500d5866","OSBS","D03","OSBS","2017-12-27T18:37Z","2017-12-29T14:50Z","OSBS.2017.52.CULMEL.F.A",NA,"OSBS.2017.52.CULMEL.F.A.01",NA,83,"Frozen -80C",NA,NA
"1cc36c93-d56a-4efb-87cf-87b333881015","OSBS_055.mosquitoPoint.mos","D03","OSBS","2017-12-27T18:53Z","2017-12-28T13:41Z","OSBS.2017.52.AEDMIT.F.A",NA,"OSBS.2017.52.AEDMIT.F.A.01",NA,1,"Frozen -80C",NA,NA
"50ab16b6-cf3e-439b-9fc9-df53e4bdb237","OSBS","D03","OSBS","2017-12-27T18:53Z","2017-12-28T19:26Z","OSBS.2017.52.ANOQUA.F.A",NA,"OSBS.2017.52.ANOQUA.F.A.01",NA,3,"Frozen -80C",NA,NA
"ff2f9f52-25ac-4531-8cd6-50353f244308","OSBS","D03","OSBS","2017-12-27T19:07Z","2017-12-28T20:05Z","OSBS.2017.52.CULERR.F.A",NA,"OSBS.2017.52.CULERR.F.A.01",NA,4,"Frozen -80C",NA,NA
"d7e1e730-55c5-4f08-8659-1daf7e4569e8","OSBS_058.mosquitoPoint.mos","D03","OSBS","2017-12-27T20:07Z","2017-12-28T15:22Z","OSBS.2017.52.MANTIT.M.A",NA,"OSBS.2017.52.MANTIT.M.A.01",NA,1,"Frozen -80C",NA,NA
"c4e170ee-edb2-41b1-bf4e-ab304c5100c7","OSBS_060.mosquitoPoint.mos","D03","OSBS","2017-12-28T14:52Z","2017-12-28T20:44Z","OSBS.2017.52.ANOSP.F.A",NA,"OSBS.2017.52.ANOSP.F.A.01",NA,1,"Frozen -80C",NA,NA
