"uid","namedLocation","domainID","siteID","plotID","setDate","collectDate","processingDate","individualID","geneticSampleID","wellCoordinates","laboratoryName"
"0e47f120-b4a9-47b3-9b9c-bfb8c7101de2","BART_086.mosquitoPoint.mos","D01","BART","BART_086","2017-05-23T12:24Z","2017-05-23T22:01Z",NA,"MOS.D01.001017","MOS.D01.001017","B8","Kansas Biological Survey"
"8a9ee513-7ce1-4874-866e-71fb9b0190bb","BART_086.mosquitoPoint.mos","D01","BART","BART_086","2017-05-23T22:02Z","2017-05-24T11:54Z",NA,"MOS.D01.001018","MOS.D01.001018","B9","Kansas Biological Survey"
"e58dc368-2fcf-4ddc-b6ae-3cb7efb69a39","BART_057.mosquitoPoint.mos","D01","BART","BART_057","2017-06-19T20:59Z","2017-06-20T10:52Z",NA,"MOS.D01.001020","MOS.D01.001020","B11","Kansas Biological Survey"
"3240044f-e13a-4b11-9659-58cde626c33b","BART_086.mosquitoPoint.mos","D01","BART","BART_086","2017-06-19T21:37Z","2017-06-20T11:32Z",NA,"MOS.D01.001054","MOS.D01.001054","E1","Kansas Biological Survey"
"df434449-62bc-4a01-a369-3d0fd1f30b3b","BART_056.mosquitoPoint.mos","D01","BART","BART_056","2017-06-20T10:22Z","2017-06-20T20:43Z",NA,"MOS.D01.001019","MOS.D01.001019","B10","Kansas Biological Survey"
"f7e9c881-cb17-4c54-98cb-45f6ff95ae73","BART_056.mosquitoPoint.mos","D01","BART","BART_056","2017-06-20T10:22Z","2017-06-20T20:43Z",NA,"MOS.D01.001061","MOS.D01.001061","E6","Kansas Biological Survey"
"4f218441-0af8-4997-9e7f-7fa2825b09dd","BART_058.mosquitoPoint.mos","D01","BART","BART_058","2017-06-20T11:02Z","2017-06-20T21:18Z",NA,"MOS.D01.001026","MOS.D01.001026","C5","Kansas Biological Survey"
"86e81ae1-5135-4fda-b401-7328ab8442ff","BART_059.mosquitoPoint.mos","D01","BART","BART_059","2017-06-20T11:19Z","2017-06-20T21:35Z",NA,"MOS.D01.001029","MOS.D01.001029","C8","Kansas Biological Survey"
"2908ccc7-5674-4ad6-a1e3-63ac6c6544a5","BART_086.mosquitoPoint.mos","D01","BART","BART_086","2017-06-20T11:32Z","2017-06-20T21:46Z",NA,"MOS.D01.001036","MOS.D01.001036","D2","Kansas Biological Survey"
"232544c0-6889-429e-a75d-dfab8edc98ad","BART_056.mosquitoPoint.mos","D01","BART","BART_056","2017-06-20T20:43Z","2017-06-21T10:27Z",NA,"MOS.D01.001072","MOS.D01.001072","F1","Kansas Biological Survey"
"c3e199aa-a179-47d7-a3c1-fb7cd719a359","BART_059.mosquitoPoint.mos","D01","BART","BART_059","2017-06-20T21:35Z","2017-06-21T11:12Z",NA,"MOS.D01.001037","MOS.D01.001037","D3","Kansas Biological Survey"
"591dbb21-c138-48ff-929f-9b843fc14f20","BART_059.mosquitoPoint.mos","D01","BART","BART_059","2017-06-20T21:35Z","2017-06-21T11:12Z",NA,"MOS.D01.001028","MOS.D01.001028","C7","Kansas Biological Survey"
"993b86b0-06ee-44ba-ab64-33aae38e129b","BART_059.mosquitoPoint.mos","D01","BART","BART_059","2017-06-20T21:35Z","2017-06-21T11:12Z",NA,"MOS.D01.001071","MOS.D01.001071","E12","Kansas Biological Survey"
"6e18d8f0-980f-478a-ae4a-2aa791f0085b","BART_059.mosquitoPoint.mos","D01","BART","BART_059","2017-06-20T21:35Z","2017-06-21T11:12Z",NA,"MOS.D01.000996","MOS.D01.000996","A4","Kansas Biological Survey"
"db200103-12c9-44cc-8cae-dcd115181bd7","BART_086.mosquitoPoint.mos","D01","BART","BART_086","2017-06-20T21:46Z","2017-06-21T11:24Z",NA,"MOS.D01.001053","MOS.D01.001053","D12","Kansas Biological Survey"
"e0b38210-15d5-4bc7-8080-54b8d2ab613f","BART_086.mosquitoPoint.mos","D01","BART","BART_086","2017-06-20T21:46Z","2017-06-21T11:24Z",NA,"MOS.D01.001021","MOS.D01.001021","B12","Kansas Biological Survey"
"2a4bbf34-b009-42c2-8a9a-5327b25815cf","BART_086.mosquitoPoint.mos","D01","BART","BART_086","2017-06-20T21:46Z","2017-06-21T11:24Z",NA,"MOS.D01.001027","MOS.D01.001027","C6","Kansas Biological Survey"
"6a8fb6c1-8159-45f3-9e3b-7c36538579d0","BART_086.mosquitoPoint.mos","D01","BART","BART_086","2017-06-20T21:46Z","2017-06-21T11:24Z",NA,"MOS.D01.001038","MOS.D01.001038","D4","Kansas Biological Survey"
"22c83762-a08e-4d2b-b9b9-5f3311e2cc4a","BART_086.mosquitoPoint.mos","D01","BART","BART_086","2017-07-17T23:30Z","2017-07-18T12:08Z",NA,"MOS.D01.001147","MOS.D01.001147","A8","Kansas Biological Survey"
"c6096912-6c9d-4c7b-b24d-8e30deac3f1f","BART_086.mosquitoPoint.mos","D01","BART","BART_086","2017-07-17T23:30Z","2017-07-18T12:08Z",NA,"MOS.D01.001101","MOS.D01.001101","G5","Kansas Biological Survey"
"1225bc2b-6fd5-444a-b1a8-07929174b2df","BART_061.mosquitoPoint.mos","D01","BART","BART_061","2017-07-18T11:17Z","2017-07-18T20:54Z",NA,"MOS.D01.000999","MOS.D01.000999","A6","Kansas Biological Survey"
"f271ca4b-7b38-47a4-8e57-d27e9e7b78c0","BART_059.mosquitoPoint.mos","D01","BART","BART_059","2017-07-18T11:56Z","2017-07-18T21:26Z",NA,"MOS.D01.001031","MOS.D01.001031","C9","Kansas Biological Survey"
"15c13f3d-b250-4473-8352-fddbd4b329e5","BART_086.mosquitoPoint.mos","D01","BART","BART_086","2017-07-18T12:08Z","2017-07-18T21:39Z",NA,"MOS.D01.001022","MOS.D01.001022","C1","Kansas Biological Survey"
"43c1527b-c0dd-4287-b360-ddd7df06bb6c","BART_086.mosquitoPoint.mos","D01","BART","BART_086","2017-07-18T12:08Z","2017-07-18T21:39Z",NA,"MOS.D01.000998","MOS.D01.000998","A5","Kansas Biological Survey"
"8c3b7c7f-b8c0-4ed8-8c8e-46e8448b3dca","BART_055.mosquitoPoint.mos","D01","BART","BART_055","2017-07-18T21:00Z","2017-07-19T11:16Z",NA,"MOS.D01.001100","MOS.D01.001100","G4","Kansas Biological Survey"
"6521ed02-0cb9-4370-a47a-7ab18d42eb15","BART_061.mosquitoPoint.mos","D01","BART","BART_061","2017-08-14T22:00Z","2017-08-15T12:12Z",NA,"MOS.D01.001173","MOS.D01.001173","C1","Kansas Biological Survey"
"42c1e6a5-10d3-4670-aab6-1bca36a5c111","BART_057.mosquitoPoint.mos","D01","BART","BART_057","2017-08-14T22:19Z","2017-08-15T12:34Z",NA,"MOS.D01.001137","MOS.D01.001137","A2","Kansas Biological Survey"
"1fd06355-082f-47d1-b3af-677eebe58a17","BART_059.mosquitoPoint.mos","D01","BART","BART_059","2017-08-14T22:55Z","2017-08-15T13:10Z",NA,"MOS.D01.001117","MOS.D01.001117","H2","Kansas Biological Survey"
"ebc0e139-3945-491a-a4ce-99bd16239c40","BART_086.mosquitoPoint.mos","D01","BART","BART_086","2017-08-14T23:13Z","2017-08-15T13:24Z",NA,"MOS.D01.001083","MOS.D01.001083","F9","Kansas Biological Survey"
"f50a4f03-da8c-4565-8c3a-413dc19213f3","BART_055.mosquitoPoint.mos","D01","BART","BART_055","2017-08-15T12:25Z","2017-08-15T21:09Z",NA,"MOS.D01.001000","MOS.D01.001000","A7","Kansas Biological Survey"
"e9ffc086-9863-4a1f-b339-ce2a64d9924f","BART_055.mosquitoPoint.mos","D01","BART","BART_055","2017-08-15T12:25Z","2017-08-15T21:09Z",NA,"MOS.D01.001006","MOS.D01.001006","A12","Kansas Biological Survey"
"a9ec0037-0953-431d-b12c-2dbeff396f3b","BART_086.mosquitoPoint.mos","D01","BART","BART_086","2017-08-15T13:24Z","2017-08-15T22:09Z",NA,"MOS.D01.001007","MOS.D01.001007","B1","Kansas Biological Survey"
"76ec7dcb-1bde-4651-8e3c-a65915894ad4","BART_086.mosquitoPoint.mos","D01","BART","BART_086","2017-08-15T13:24Z","2017-08-15T22:09Z",NA,"MOS.D01.001104","MOS.D01.001104","G8","Kansas Biological Survey"
"a693d47b-d331-4fbd-a191-e8cf03e3abbf","BART_086.mosquitoPoint.mos","D01","BART","BART_086","2017-08-15T13:24Z","2017-08-15T22:09Z",NA,"MOS.D01.001047","MOS.D01.001047","D9","Kansas Biological Survey"
"05fd31ad-aaf3-4ac7-97e5-16131e83e6f8","BART_054.mosquitoPoint.mos","D01","BART","BART_054","2017-08-15T21:47Z","2017-08-16T11:46Z",NA,"MOS.D01.001102","MOS.D01.001102","G6","Kansas Biological Survey"
"030f0b64-0c17-4324-8ede-67528141f892","BART_059.mosquitoPoint.mos","D01","BART","BART_059","2017-08-15T21:56Z","2017-08-16T11:53Z",NA,"MOS.D01.001103","MOS.D01.001103","G7","Kansas Biological Survey"
"76c2d7c9-8b6f-4efa-b3bd-7d8b13423dfa","BART_059.mosquitoPoint.mos","D01","BART","BART_059","2017-08-15T21:56Z","2017-08-16T11:53Z",NA,"MOS.D01.001091","MOS.D01.001091","F12","Kansas Biological Survey"
"e3e0e6ba-1920-491c-a804-7c27883ef124","BART_086.mosquitoPoint.mos","D01","BART","BART_086","2017-08-15T22:10Z","2017-08-16T12:09Z",NA,"MOS.D01.001110","MOS.D01.001110","G10","Kansas Biological Survey"
"0e42e0e4-c7b9-4a78-9917-99a33c01a5ab","BART_086.mosquitoPoint.mos","D01","BART","BART_086","2017-08-15T22:10Z","2017-08-16T12:09Z",NA,"MOS.D01.001105","MOS.D01.001105","G9","Kansas Biological Survey"
"aa2e2705-5c39-4180-8fdd-1f5f49d2437d","BART_086.mosquitoPoint.mos","D01","BART","BART_086","2017-08-15T22:10Z","2017-08-16T12:09Z",NA,"MOS.D01.001180","MOS.D01.001180","C6","Kansas Biological Survey"
"39d9390f-4945-4345-97c8-b08e45f004b6","BART_086.mosquitoPoint.mos","D01","BART","BART_086","2017-08-15T22:10Z","2017-08-16T12:09Z",NA,"MOS.D01.001046","MOS.D01.001046","D8","Kansas Biological Survey"
"d1fadfcd-6831-41b9-b2c8-a00e93892181","BART_055.mosquitoPoint.mos","D01","BART","BART_055","2017-09-12T12:53Z","2017-09-12T19:48Z",NA,"MOS.D01.001096","MOS.D01.001096","G2","Kansas Biological Survey"
"757d523c-8b07-475c-a5ad-1f2f7f008786","BART_057.mosquitoPoint.mos","D01","BART","BART_057","2017-09-12T12:59Z","2017-09-12T19:54Z",NA,"MOS.D01.001095","MOS.D01.001095","G1","Kansas Biological Survey"
"8581cc43-8407-4c95-b608-7c4b31f13aac","BART_086.mosquitoPoint.mos","D01","BART","BART_086","2017-09-12T19:12Z","2017-09-13T11:46Z",NA,"MOS.D01.001049","MOS.D01.001049","D10","Kansas Biological Survey"
"5d7ed8ee-e726-4f10-a85f-d611519beb38","BART_061.mosquitoPoint.mos","D01","BART","BART_061","2018-05-22T22:50Z","2018-05-23T12:02Z",NA,"MOS.D01.001271","MOS.D01.001271","F10","Kansas Biological Survey"
"934cf295-b4f5-463d-9feb-e2af277896d9","BART_086.mosquitoPoint.mos","D01","BART","BART_086","2018-05-22T23:46Z","2018-05-23T11:13Z",NA,"MOS.D01.001272","MOS.D01.001272","F11","Kansas Biological Survey"
"244878d1-ed92-4d28-af28-5f1c6387cc51","BART_086.mosquitoPoint.mos","D01","BART","BART_086","2018-05-23T11:13Z","2018-05-23T20:30Z",NA,"MOS.D01.001223","MOS.D01.001223","B11","Kansas Biological Survey"
"d20d53f3-4872-4a41-b0b5-11dd49ca1b83","BART_061.mosquitoPoint.mos","D01","BART","BART_061","2018-05-23T12:03Z","2018-05-23T21:20Z",NA,"MOS.D01.001222","MOS.D01.001222","B10","Kansas Biological Survey"
"6c944ca4-51e3-4039-b34e-034a541868ea","BART_057.mosquitoPoint.mos","D01","BART","BART_057","2018-05-23T12:25Z","2018-05-23T21:16Z",NA,"MOS.D01.001221","MOS.D01.001221","B9","Kansas Biological Survey"
"727ee940-e5f2-437e-8d05-3ee98dc3a054","BART_086.mosquitoPoint.mos","D01","BART","BART_086","2018-06-19T21:45Z","2018-06-20T10:20Z",NA,"MOS.D01.001237","MOS.D01.001237","D1","Kansas Biological Survey"
"b94a87e0-4b32-4d02-9bd5-5f12ba1fad6e","BART_086.mosquitoPoint.mos","D01","BART","BART_086","2018-06-19T21:45Z","2018-06-20T10:20Z",NA,"MOS.D01.001263","MOS.D01.001263","F2","Kansas Biological Survey"
"ee5dce5a-1982-4302-a5fe-95ef048b436c","BART_086.mosquitoPoint.mos","D01","BART","BART_086","2018-06-19T21:45Z","2018-06-20T10:20Z",NA,"MOS.D01.001242","MOS.D01.001242","D6","Kansas Biological Survey"
"38ca250c-91ad-4a39-8741-dcb0fae58997","BART_059.mosquitoPoint.mos","D01","BART","BART_059","2018-06-19T21:55Z","2018-06-20T10:39Z",NA,"MOS.D01.001253","MOS.D01.001253","E4","Kansas Biological Survey"
"8df24055-5a1f-4591-b682-e3ce872d81fd","BART_059.mosquitoPoint.mos","D01","BART","BART_059","2018-06-19T21:55Z","2018-06-20T10:39Z",NA,"MOS.D01.001234","MOS.D01.001234","C10","Kansas Biological Survey"
"d3b0c051-50ff-400f-9a5d-15ea03dc2e02","BART_059.mosquitoPoint.mos","D01","BART","BART_059","2018-06-19T21:55Z","2018-06-20T10:39Z",NA,"MOS.D01.001225","MOS.D01.001225","C1","Kansas Biological Survey"
"74c2375c-bf88-438c-9eb3-5b73b66ae45f","BART_059.mosquitoPoint.mos","D01","BART","BART_059","2018-06-19T21:55Z","2018-06-20T10:39Z",NA,"MOS.D01.001342","MOS.D01.001342","D7","Kansas Biological Survey"
"255c0126-14b0-4046-9f44-f9df80c62166","BART_058.mosquitoPoint.mos","D01","BART","BART_058","2018-06-19T22:14Z","2018-06-20T10:55Z",NA,"MOS.D01.001232","MOS.D01.001232","C8","Kansas Biological Survey"
"7b81a017-2f82-486e-9786-563e18e0e907","BART_058.mosquitoPoint.mos","D01","BART","BART_058","2018-06-19T22:14Z","2018-06-20T10:55Z",NA,"MOS.D01.001251","MOS.D01.001251","E2","Kansas Biological Survey"
"2975c9ca-5d33-4b93-9f00-fbddd8b2c0cc","BART_057.mosquitoPoint.mos","D01","BART","BART_057","2018-06-19T22:20Z","2018-06-20T11:06Z",NA,"MOS.D01.001381","MOS.D01.001381","G10","Kansas Biological Survey"
"b00a1f9a-6a41-4b4c-9b20-0299ccabf7e3","BART_055.mosquitoPoint.mos","D01","BART","BART_055","2018-06-19T22:24Z","2018-06-20T11:18Z",NA,"MOS.D01.001341","MOS.D01.001341","D6","Kansas Biological Survey"
"ab5f9a49-63c6-4205-9f38-d2162b55398a","BART_086.mosquitoPoint.mos","D01","BART","BART_086","2018-06-20T10:20Z","2018-06-20T20:34Z",NA,"MOS.D01.001243","MOS.D01.001243","D7","Kansas Biological Survey"
"1161733d-296b-4b4a-b088-3f8bc33454f7","BART_086.mosquitoPoint.mos","D01","BART","BART_086","2018-06-20T10:20Z","2018-06-20T20:34Z",NA,"MOS.D01.001255","MOS.D01.001255","E6","Kansas Biological Survey"
"4ed6683d-3e7d-44e7-95ef-00bc02c84458","BART_086.mosquitoPoint.mos","D01","BART","BART_086","2018-06-20T10:20Z","2018-06-20T20:34Z",NA,"MOS.D01.001238","MOS.D01.001238","D2","Kansas Biological Survey"
"ba174f69-176d-439f-beda-c5b507a42319","BART_059.mosquitoPoint.mos","D01","BART","BART_059","2018-06-20T10:39Z","2018-06-20T20:46Z",NA,"MOS.D01.001235","MOS.D01.001235","C11","Kansas Biological Survey"
"b2dffc38-616f-46f4-8019-4dfc5a1d8191","BART_059.mosquitoPoint.mos","D01","BART","BART_059","2018-06-20T10:39Z","2018-06-20T20:46Z",NA,"MOS.D01.001254","MOS.D01.001254","E5","Kansas Biological Survey"
"3abcf211-9250-4ca3-a512-5137228676a9","BART_059.mosquitoPoint.mos","D01","BART","BART_059","2018-06-20T10:39Z","2018-06-20T20:46Z",NA,"MOS.D01.001273","MOS.D01.001273","F12","Kansas Biological Survey"
"2e088369-765c-4468-8ddf-d98a2909b9fa","BART_059.mosquitoPoint.mos","D01","BART","BART_059","2018-06-20T10:39Z","2018-06-20T20:46Z",NA,"MOS.D01.001202","MOS.D01.001202","A2","Kansas Biological Survey"
"f0a7baa7-cbd1-40eb-abec-e3b805d1c642","BART_059.mosquitoPoint.mos","D01","BART","BART_059","2018-06-20T10:39Z","2018-06-20T20:46Z",NA,"MOS.D01.001226","MOS.D01.001226","C2","Kansas Biological Survey"
"5dc6d5ea-2e6d-4f74-a677-c298aa872a3a","BART_059.mosquitoPoint.mos","D01","BART","BART_059","2018-06-20T10:39Z","2018-06-20T20:46Z",NA,"MOS.D01.001382","MOS.D01.001382","G11","Kansas Biological Survey"
"1bb40ccd-910a-4cee-871f-7fa9aea9f430","BART_059.mosquitoPoint.mos","D01","BART","BART_059","2018-06-20T10:39Z","2018-06-20T20:46Z",NA,"MOS.D01.001321","MOS.D01.001321","B11","Kansas Biological Survey"
"c9501673-b27f-4512-a26f-8e47112ffda0","BART_054.mosquitoPoint.mos","D01","BART","BART_054","2018-06-20T10:43Z","2018-06-20T20:55Z",NA,"MOS.D01.001201","MOS.D01.001201","A1","Kansas Biological Survey"
"f922fa43-a469-4ffd-bee5-52ea64f4f992","BART_060.mosquitoPoint.mos","D01","BART","BART_060","2018-06-20T10:48Z","2018-06-20T20:58Z",NA,"MOS.D01.001274","MOS.D01.001274","G1","Kansas Biological Survey"
"e65453ea-eacf-4db4-b978-90980f3a5f0a","BART_060.mosquitoPoint.mos","D01","BART","BART_060","2018-06-20T10:48Z","2018-06-20T20:58Z",NA,"MOS.D01.001241","MOS.D01.001241","D5","Kansas Biological Survey"
"94912f3a-8e70-4725-8288-bc256dcd6f72","BART_058.mosquitoPoint.mos","D01","BART","BART_058","2018-06-20T10:55Z","2018-06-20T21:03Z",NA,"MOS.D01.001262","MOS.D01.001262","F1","Kansas Biological Survey"
"4ef0b445-3566-4a39-85b7-6e095a20f89a","BART_058.mosquitoPoint.mos","D01","BART","BART_058","2018-06-20T10:55Z","2018-06-20T21:03Z",NA,"MOS.D01.001252","MOS.D01.001252","E3","Kansas Biological Survey"
"ba05ecf1-5e63-45b4-beb0-7105ddd01297","BART_058.mosquitoPoint.mos","D01","BART","BART_058","2018-06-20T10:55Z","2018-06-20T21:03Z",NA,"MOS.D01.001233","MOS.D01.001233","C9","Kansas Biological Survey"
"f11d2c31-e907-414e-9d6a-e7d080b910c0","BART_057.mosquitoPoint.mos","D01","BART","BART_057","2018-06-20T11:06Z","2018-06-20T21:11Z",NA,"MOS.D01.001261","MOS.D01.001261","E12","Kansas Biological Survey"
"e63e61f5-23e1-4484-a2c9-79bc778b6d3b","BART_057.mosquitoPoint.mos","D01","BART","BART_057","2018-06-20T11:06Z","2018-06-20T21:11Z",NA,"MOS.D01.001224","MOS.D01.001224","B12","Kansas Biological Survey"
"f7bbf014-9690-49dc-9ea7-b52beb800530","BART_055.mosquitoPoint.mos","D01","BART","BART_055","2018-06-20T11:18Z","2018-06-20T21:19Z",NA,"MOS.D01.001281","MOS.D01.001281","G8","Kansas Biological Survey"
"ab216b83-f0ef-44e3-af04-8f5c3a3d4898","BART_055.mosquitoPoint.mos","D01","BART","BART_055","2018-06-20T11:18Z","2018-06-20T21:19Z",NA,"MOS.D01.001231","MOS.D01.001231","C7","Kansas Biological Survey"
"a180065f-eb66-48a4-a1de-00b469822017","BART_061.mosquitoPoint.mos","D01","BART","BART_061","2018-06-20T11:35Z","2018-06-20T21:32Z",NA,"MOS.D01.001236","MOS.D01.001236","C12","Kansas Biological Survey"
"2db82147-26d9-4d57-b4f8-0829f35d1fc8","BART_056.mosquitoPoint.mos","D01","BART","BART_056","2018-06-20T11:57Z","2018-06-20T21:55Z",NA,"MOS.D01.001282","MOS.D01.001282","G9","Kansas Biological Survey"
"ab873ecd-17d6-4339-ada1-ecf01bf9868c","BART_055.mosquitoPoint.mos","D01","BART","BART_055","2018-07-17T21:48Z","2018-07-18T10:59Z",NA,"MOS.D01.001343","MOS.D01.001343","D8","Kansas Biological Survey"
"6e882028-6bd6-4c30-9679-002789bf10d7","BART_060.mosquitoPoint.mos","D01","BART","BART_060","2018-07-17T22:15Z","2018-07-18T11:25Z",NA,"MOS.D01.001344","MOS.D01.001344","D9","Kansas Biological Survey"
"3f0b5395-9274-4424-bd9d-1498046efa0b","BART_054.mosquitoPoint.mos","D01","BART","BART_054","2018-07-17T22:23Z","2018-07-18T11:29Z",NA,"MOS.D01.001390","MOS.D01.001390","H5","Kansas Biological Survey"
"c89f83b8-d77f-413e-ba54-3f2ada4b4017","BART_086.mosquitoPoint.mos","D01","BART","BART_086","2018-07-17T22:50Z","2018-07-18T11:47Z",NA,"MOS.D01.001244","MOS.D01.001244","D8","Kansas Biological Survey"
"15278a3b-f761-4247-900a-3bd8184c1abc","BART_055.mosquitoPoint.mos","D01","BART","BART_055","2018-07-18T11:00Z","2018-07-18T21:33Z",NA,"MOS.D01.001204","MOS.D01.001204","A4","Kansas Biological Survey"
"196a2743-b129-41d6-9383-8afcbf3a4636","BART_054.mosquitoPoint.mos","D01","BART","BART_054","2018-07-18T11:30Z","2018-07-18T22:07Z",NA,"MOS.D01.001203","MOS.D01.001203","A3","Kansas Biological Survey"
"d4b35121-0b4c-412c-beac-516184a14b6f","BART_060.mosquitoPoint.mos","D01","BART","BART_060","2018-08-14T22:02Z","2018-08-15T11:06Z",NA,"MOS.D01.001394","MOS.D01.001394","H9","Kansas Biological Survey"
"822bcc69-ac04-41ff-a633-e3048689a71c","BART_056.mosquitoPoint.mos","D01","BART","BART_056","2018-08-15T10:33Z","2018-08-15T22:49Z",NA,"MOS.D01.001291","MOS.D01.001291","H6","Kansas Biological Survey"
"76b577fc-f1e3-46a6-9609-87a384d25999","BART_057.mosquitoPoint.mos","D01","BART","BART_057","2018-08-15T12:35Z","2018-08-15T22:02Z",NA,"MOS.D01.001383","MOS.D01.001383","G12","Kansas Biological Survey"
"7772831d-08f5-4d17-a16b-d8626551370f","BART_057.mosquitoPoint.mos","D01","BART","BART_057","2018-08-15T12:35Z","2018-08-15T22:02Z",NA,"MOS.D01.001292","MOS.D01.001292","H7","Kansas Biological Survey"
"23992620-26ea-4b4f-940f-cb73330fdb40","BART_086.mosquitoPoint.mos","D01","BART","BART_086","2018-08-15T20:26Z","2018-08-16T12:58Z",NA,"MOS.D01.001311","MOS.D01.001311","B2","Kansas Biological Survey"
"cdb92551-78f7-4295-8960-6d5ee70553ec","BART_056.mosquitoPoint.mos","D01","BART","BART_056","2018-09-12T20:04Z","2018-09-13T11:47Z",NA,"MOS.D01.001322","MOS.D01.001322","B12","Kansas Biological Survey"
"1f26f8ff-4988-45e1-b1fb-c1bac681f306","BART_056.mosquitoPoint.mos","D01","BART","BART_056","2018-09-13T11:47Z","2018-09-13T20:44Z",NA,"MOS.D01.001293","MOS.D01.001293","H8","Kansas Biological Survey"
"4c9af818-596b-4e7c-bf7c-dad128d6706c","BART_057.mosquitoPoint.mos","D01","BART","BART_057","2018-09-13T12:47Z","2018-09-13T21:35Z",NA,"MOS.D01.001294","MOS.D01.001294","H9","Kansas Biological Survey"
"b06448f3-c957-46aa-8031-92840bf85078","BART_055.mosquitoPoint.mos","D01","BART","BART_055","2018-10-09T22:11Z","2018-10-10T13:43Z",NA,"MOS.D01.001312","MOS.D01.001312","B3","Kansas Biological Survey"
"6a23435c-cb2b-4349-ba7c-9741752ba0a9","BLAN_025.mosquitoPoint.mos","D02","BLAN","BLAN_025","2017-05-22T22:21Z","2017-05-23T12:41Z",NA,"MOS.D02.000648","MOS.D02.000648","F12","Kansas Biological Survey"
"c0fc9d6d-0c18-4b6c-95d4-128ee5d1acd3","BLAN_029.mosquitoPoint.mos","D02","BLAN","BLAN_029","2017-05-22T22:37Z","2017-05-23T12:56Z",NA,"MOS.D02.000754","MOS.D02.000754","D6","Kansas Biological Survey"
"3e72f67a-8eb7-481f-aeac-17720ad32435","BLAN_023.mosquitoPoint.mos","D02","BLAN","BLAN_023","2017-05-22T22:49Z","2017-05-23T13:09Z",NA,"MOS.D02.000677","MOS.D02.000677","H5","Kansas Biological Survey"
"426a830b-b507-404b-8ebb-71dec0e0f765","BLAN_026.mosquitoPoint.mos","D02","BLAN","BLAN_026","2017-05-23T13:02Z","2017-05-23T21:30Z",NA,"MOS.D02.000676","MOS.D02.000676","H4","Kansas Biological Survey"
"991924a8-9e1f-4b00-88c3-c4ab5516d146","BLAN_023.mosquitoPoint.mos","D02","BLAN","BLAN_023","2017-05-23T13:09Z","2017-05-23T21:39Z",NA,"MOS.D02.000649","MOS.D02.000649","G1","Kansas Biological Survey"
"5c637432-5975-48f7-91f6-c1edfef91146","BLAN_023.mosquitoPoint.mos","D02","BLAN","BLAN_023","2017-05-23T13:09Z","2017-05-23T21:39Z",NA,"MOS.D02.000678","MOS.D02.000678","H6","Kansas Biological Survey"
"4a2f3a7a-776c-4621-8bc2-7f3bf5d4501c","BLAN_065.mosquitoPoint.mos","D02","BLAN","BLAN_065","2017-05-23T21:18Z","2017-05-24T13:31Z",NA,"MOS.D02.000752","MOS.D02.000752","D5","Kansas Biological Survey"
"233889f9-854b-4ae1-98aa-e63c3f4eb551","BLAN_026.mosquitoPoint.mos","D02","BLAN","BLAN_026","2017-05-23T21:30Z","2017-05-24T13:49Z",NA,"MOS.D02.000634","MOS.D02.000634","F5","Kansas Biological Survey"
"d23c6100-2a67-4bcb-9864-c586eae43958","BLAN_026.mosquitoPoint.mos","D02","BLAN","BLAN_026","2017-05-23T21:30Z","2017-05-24T13:49Z",NA,"MOS.D02.000687","MOS.D02.000687","A1","Kansas Biological Survey"
"6e5b7844-5762-4c8a-b5d4-fcebd4227dd4","BLAN_023.mosquitoPoint.mos","D02","BLAN","BLAN_023","2017-05-23T21:39Z","2017-05-24T14:00Z",NA,"MOS.D02.000646","MOS.D02.000646","F11","Kansas Biological Survey"
"2a45ea28-d911-4330-9dff-d8a58dd29cd3","BLAN_024.mosquitoPoint.mos","D02","BLAN","BLAN_024","2017-05-23T21:49Z","2017-05-24T14:19Z",NA,"MOS.D02.000765","MOS.D02.000765","D11","Kansas Biological Survey"
"2d65492d-b833-41b1-9223-a4c58d009436","BLAN_025.mosquitoPoint.mos","D02","BLAN","BLAN_025","2017-06-20T12:18Z","2017-06-20T22:42Z",NA,"MOS.D02.000666","MOS.D02.000666","G9","Kansas Biological Survey"
"6597ab30-178f-4f50-a6e7-31097b7f7fa7","BLAN_024.mosquitoPoint.mos","D02","BLAN","BLAN_024","2017-06-20T23:12Z","2017-06-21T13:12Z",NA,"MOS.D02.000653","MOS.D02.000653","G2","Kansas Biological Survey"
"b9384d68-928c-43ea-8098-c076acee4ce2","BLAN_026.mosquitoPoint.mos","D02","BLAN","BLAN_026","2017-07-17T22:30Z","2017-07-18T13:43Z",NA,"MOS.D02.000789","MOS.D02.000789","F4","Kansas Biological Survey"
"8490208b-bebb-4fec-882a-79d7b20f23ca","BLAN_024.mosquitoPoint.mos","D02","BLAN","BLAN_024","2017-07-17T22:46Z","2017-07-18T14:07Z",NA,"MOS.D02.000802","MOS.D02.000802","F12","Kansas Biological Survey"
"ae452ed9-ad6a-438c-a8d9-da7676a094d2","BLAN_024.mosquitoPoint.mos","D02","BLAN","BLAN_024","2017-07-17T22:46Z","2017-07-18T14:07Z",NA,"MOS.D02.000803","MOS.D02.000803","G1","Kansas Biological Survey"
"a72ad706-dfdd-4bde-9955-c88309662535","BLAN_024.mosquitoPoint.mos","D02","BLAN","BLAN_024","2017-07-17T22:46Z","2017-07-18T14:07Z",NA,"MOS.D02.000668","MOS.D02.000668","G11","Kansas Biological Survey"
"be0c6284-66ac-4f2f-b2a2-c4c1154a5435","BLAN_025.mosquitoPoint.mos","D02","BLAN","BLAN_025","2017-07-18T22:53Z","2017-07-19T12:54Z",NA,"MOS.D02.000735","MOS.D02.000735","C9","Kansas Biological Survey"
"48499ee0-6612-4852-9c4c-bd1fcd737f47","BLAN_065.mosquitoPoint.mos","D02","BLAN","BLAN_065","2017-07-18T23:01Z","2017-07-19T13:03Z",NA,"MOS.D02.000717","MOS.D02.000717","B8","Kansas Biological Survey"
"65d51c55-8e46-459b-8662-f8229bc0f269","BLAN_029.mosquitoPoint.mos","D02","BLAN","BLAN_029","2017-07-18T23:07Z","2017-07-19T13:11Z",NA,"MOS.D02.000719","MOS.D02.000719","B9","Kansas Biological Survey"
"4eed2c8f-02ff-4cf7-b7e6-4191c233c73c","BLAN_026.mosquitoPoint.mos","D02","BLAN","BLAN_026","2017-07-18T23:15Z","2017-07-19T13:18Z",NA,"MOS.D02.000788","MOS.D02.000788","F3","Kansas Biological Survey"
"14120d51-18e6-44e7-b425-f116765b1959","BLAN_026.mosquitoPoint.mos","D02","BLAN","BLAN_026","2017-07-18T23:15Z","2017-07-19T13:18Z",NA,"MOS.D02.000737","MOS.D02.000737","C10","Kansas Biological Survey"
"a74cea8a-f29d-47fb-8a55-037d24fb1d9a","BLAN_026.mosquitoPoint.mos","D02","BLAN","BLAN_026","2017-07-18T23:15Z","2017-07-19T13:18Z",NA,"MOS.D02.000689","MOS.D02.000689","A3","Kansas Biological Survey"
"50175248-0a35-4496-a3aa-2e1fba179a77","BLAN_024.mosquitoPoint.mos","D02","BLAN","BLAN_024","2017-07-18T23:34Z","2017-07-19T13:40Z",NA,"MOS.D02.000612","MOS.D02.000612","D11","Kansas Biological Survey"
"4e8d968d-1d87-47ed-89a2-7ffc70bebb1f","BLAN_024.mosquitoPoint.mos","D02","BLAN","BLAN_024","2017-07-18T23:34Z","2017-07-19T13:40Z",NA,"MOS.D02.000688","MOS.D02.000688","A2","Kansas Biological Survey"
"9f354da0-fd8f-4792-a6c9-7dff21b17e2b","BLAN_024.mosquitoPoint.mos","D02","BLAN","BLAN_024","2017-07-18T23:34Z","2017-07-19T13:40Z",NA,"MOS.D02.000790","MOS.D02.000790","F5","Kansas Biological Survey"
"705c2a5f-4599-47e0-ad5b-6fd0cefc0032","BLAN_024.mosquitoPoint.mos","D02","BLAN","BLAN_024","2017-07-19T13:40Z","2017-07-19T21:58Z",NA,"MOS.D02.000667","MOS.D02.000667","G10","Kansas Biological Survey"
"cfb9d961-707c-4c7a-a9d3-3e035aa5c2c3","BLAN_029.mosquitoPoint.mos","D02","BLAN","BLAN_029","2017-08-14T20:50Z","2017-08-15T13:59Z",NA,"MOS.D02.000776","MOS.D02.000776","E8","Kansas Biological Survey"
"ea577936-26a1-47c1-aa96-7edc4f984795","BLAN_026.mosquitoPoint.mos","D02","BLAN","BLAN_026","2017-08-14T20:56Z","2017-08-15T14:03Z",NA,"MOS.D02.000680","MOS.D02.000680","H7","Kansas Biological Survey"
"8a21e794-3211-4a48-a5a8-b032be84d73b","BLAN_026.mosquitoPoint.mos","D02","BLAN","BLAN_026","2017-08-15T14:03Z","2017-08-15T21:28Z",NA,"MOS.D02.000681","MOS.D02.000681","H8","Kansas Biological Survey"
"327ec465-a24e-4a57-94ac-ae1e28100b78","BLAN_026.mosquitoPoint.mos","D02","BLAN","BLAN_026","2017-09-11T22:41Z","2017-09-12T13:39Z",NA,"MOS.D02.000777","MOS.D02.000777","E9","Kansas Biological Survey"
"7bafb80e-d088-4c43-9003-178757ef6688","BLAN_024.mosquitoPoint.mos","D02","BLAN","BLAN_024","2017-09-11T23:00Z","2017-09-12T13:53Z",NA,"MOS.D02.000745","MOS.D02.000745","D2","Kansas Biological Survey"
"33ce8fdc-2d2c-49f2-824f-7d158437bec6","BLAN_022.mosquitoPoint.mos","D02","BLAN","BLAN_022","2017-10-09T19:55Z","2017-10-10T13:38Z",NA,"MOS.D02.000601","MOS.D02.000601","D7","Kansas Biological Survey"
"f29f1d8f-61b0-4c95-8b0f-9473a7fb630c","BLAN_027.mosquitoPoint.mos","D02","BLAN","BLAN_027","2017-10-10T13:14Z","2017-10-10T18:50Z",NA,"MOS.D02.000603","MOS.D02.000603","D8","Kansas Biological Survey"
"be05ae68-cfb8-45cb-8bdf-553252f8cc63","BLAN_026.mosquitoPoint.mos","D02","BLAN","BLAN_026","2018-05-14T23:33Z","2018-05-15T13:51Z",NA,"MOS.D02.000846","MOS.D02.000846","C8","Kansas Biological Survey"
"b76041d3-d18b-448e-abc9-153ba3d9787f","BLAN_065.mosquitoPoint.mos","D02","BLAN","BLAN_065","2018-05-14T23:42Z","2018-05-15T13:15Z",NA,"MOS.D02.000847","MOS.D02.000847","C9","Kansas Biological Survey"
"0bf6a08c-6407-48fc-a2fa-a66af1556bc2","BLAN_023.mosquitoPoint.mos","D02","BLAN","BLAN_023","2018-05-15T13:31Z","2018-05-15T21:48Z",NA,"MOS.D02.000845","MOS.D02.000845","C7","Kansas Biological Survey"
"75fb39ab-aeef-4b13-b163-3bb2b84c75eb","BLAN_026.mosquitoPoint.mos","D02","BLAN","BLAN_026","2018-05-15T13:51Z","2018-05-15T21:35Z",NA,"MOS.D02.000875","MOS.D02.000875","F1","Kansas Biological Survey"
"878faa89-4d87-4117-95f7-2e46f77abbf9","BLAN_021.mosquitoPoint.mos","D02","BLAN","BLAN_021","2018-06-11T21:10Z","2018-06-12T12:15Z",NA,"MOS.D02.000905","MOS.D02.000905","H5","Kansas Biological Survey"
"22b8d9d3-fcf5-4f34-b773-4c3a657aefe7","BLAN_065.mosquitoPoint.mos","D02","BLAN","BLAN_065","2018-06-11T21:10Z","2018-06-12T12:15Z",NA,"MOS.D02.000908","MOS.D02.000908","H8","Kansas Biological Survey"
"54860b7d-62ed-4e2c-af98-9877a3be3810","BLAN_023.mosquitoPoint.mos","D02","BLAN","BLAN_023","2018-06-11T21:24Z","2018-06-12T12:40Z",NA,"MOS.D02.000907","MOS.D02.000907","H7","Kansas Biological Survey"
"1a3bd79d-e907-49be-a81b-ec000fed2c84","BLAN_023.mosquitoPoint.mos","D02","BLAN","BLAN_023","2018-06-11T21:24Z","2018-06-12T12:40Z",NA,"MOS.D02.000849","MOS.D02.000849","C11","Kansas Biological Survey"
"69a9f3f2-2981-4abe-b164-d8cf2dd24358","BLAN_029.mosquitoPoint.mos","D02","BLAN","BLAN_029","2018-06-11T21:40Z","2018-06-12T12:28Z",NA,"MOS.D02.000963","MOS.D02.000963","E3","Kansas Biological Survey"
"0d3b7833-366a-4d9a-95de-263976bcaf22","BLAN_029.mosquitoPoint.mos","D02","BLAN","BLAN_029","2018-06-11T21:40Z","2018-06-12T12:28Z",NA,"MOS.D02.001001","MOS.D02.001001","H4","Kansas Biological Survey"
"bd4123b4-c883-41ae-b8ac-62265e19a7ed","BLAN_029.mosquitoPoint.mos","D02","BLAN","BLAN_029","2018-06-11T21:40Z","2018-06-12T12:28Z",NA,"MOS.D02.000848","MOS.D02.000848","C10","Kansas Biological Survey"
"b402bfa5-09e8-410f-976a-9dc0c0b2c631","BLAN_029.mosquitoPoint.mos","D02","BLAN","BLAN_029","2018-06-11T21:40Z","2018-06-12T12:28Z",NA,"MOS.D02.000906","MOS.D02.000906","H6","Kansas Biological Survey"
"42d23592-881c-4514-bac7-021ca209d9b4","BLAN_023.mosquitoPoint.mos","D02","BLAN","BLAN_023","2018-06-12T12:40Z","2018-06-13T00:03Z",NA,"MOS.D02.000850","MOS.D02.000850","C12","Kansas Biological Survey"
"2594400f-ac7c-4b32-8d3a-a9d6ee2945d9","BLAN_025.mosquitoPoint.mos","D02","BLAN","BLAN_025","2018-07-09T21:44Z","2018-07-10T12:40Z",NA,"MOS.D02.000955","MOS.D02.000955","D7","Kansas Biological Survey"
"aad0e2b7-d0a5-4ca6-9622-5ca9c88abd3e","BLAN_066.mosquitoPoint.mos","D02","BLAN","BLAN_066","2018-07-09T21:50Z","2018-07-10T12:52Z",NA,"MOS.D02.000964","MOS.D02.000964","E4","Kansas Biological Survey"
"921dbb8d-16f1-473c-a715-2ef7436f81b5","BLAN_066.mosquitoPoint.mos","D02","BLAN","BLAN_066","2018-07-09T21:50Z","2018-07-10T12:52Z",NA,"MOS.D02.000935","MOS.D02.000935","B12","Kansas Biological Survey"
"1f84baf4-a334-4141-a67d-251ea0ea1653","BLAN_023.mosquitoPoint.mos","D02","BLAN","BLAN_023","2018-07-09T22:08Z","2018-07-10T13:17Z",NA,"MOS.D02.000865","MOS.D02.000865","E3","Kansas Biological Survey"
"82df1ce1-5f39-4178-8b25-f1196da2348a","BLAN_023.mosquitoPoint.mos","D02","BLAN","BLAN_023","2018-07-09T22:08Z","2018-07-10T13:17Z",NA,"MOS.D02.000851","MOS.D02.000851","D1","Kansas Biological Survey"
"1ae551ca-3cef-4f01-b813-eaf2cbb702e3","BLAN_023.mosquitoPoint.mos","D02","BLAN","BLAN_023","2018-07-09T22:08Z","2018-07-10T13:17Z",NA,"MOS.D02.000835","MOS.D02.000835","B9","Kansas Biological Survey"
"ccf7f88d-37a2-4a28-a414-dbc973d9a5f3","BLAN_024.mosquitoPoint.mos","D02","BLAN","BLAN_024","2018-07-09T22:16Z","2018-07-10T13:26Z",NA,"MOS.D02.000852","MOS.D02.000852","D2","Kansas Biological Survey"
"579aa28e-57e6-42c7-a185-fc2aeae72576","BLAN_026.mosquitoPoint.mos","D02","BLAN","BLAN_026","2018-07-09T22:41Z","2018-07-10T13:07Z",NA,"MOS.D02.000946","MOS.D02.000946","C11","Kansas Biological Survey"
"8f1f75c0-3202-4ac9-b4b8-8ae5d1231872","BLAN_026.mosquitoPoint.mos","D02","BLAN","BLAN_026","2018-07-09T22:41Z","2018-07-10T13:07Z",NA,"MOS.D02.000837","MOS.D02.000837","B11","Kansas Biological Survey"
"a2b01611-2945-4705-8c8d-78132b3ae92b","BLAN_026.mosquitoPoint.mos","D02","BLAN","BLAN_026","2018-07-09T22:41Z","2018-07-10T13:07Z",NA,"MOS.D02.000915","MOS.D02.000915","A4","Kansas Biological Survey"
"c4b949c4-61ff-4042-af04-e05ea5d2cf21","BLAN_023.mosquitoPoint.mos","D02","BLAN","BLAN_023","2018-07-10T13:17Z","2018-07-10T21:39Z",NA,"MOS.D02.000945","MOS.D02.000945","C10","Kansas Biological Survey"
"1b54f5b7-8f07-4082-af24-9488b3646898","BLAN_024.mosquitoPoint.mos","D02","BLAN","BLAN_024","2018-07-10T13:26Z","2018-07-10T21:46Z",NA,"MOS.D02.000836","MOS.D02.000836","B10","Kansas Biological Survey"
"e0872a1b-55b5-43d3-90fb-9d066ad8e7a7","BLAN_024.mosquitoPoint.mos","D02","BLAN","BLAN_024","2018-07-10T13:26Z","2018-07-10T21:46Z",NA,"MOS.D02.000853","MOS.D02.000853","D3","Kansas Biological Survey"
"79c2a6fc-8c09-4bbb-a6e4-466ea172a305","BLAN_024.mosquitoPoint.mos","D02","BLAN","BLAN_024","2018-07-10T13:26Z","2018-07-10T21:46Z",NA,"MOS.D02.000866","MOS.D02.000866","E4","Kansas Biological Survey"
"cb702143-1c50-4256-a027-4ead18aeecd6","BLAN_025.mosquitoPoint.mos","D02","BLAN","BLAN_025","2018-08-06T23:25Z","2018-08-07T13:54Z",NA,"MOS.D02.000855","MOS.D02.000855","D5","Kansas Biological Survey"
"967a046a-0cf7-440a-92de-cf43ff13d519","BLAN_022.mosquitoPoint.mos","D02","BLAN","BLAN_022","2018-08-06T23:28Z","2018-08-07T13:39Z",NA,"MOS.D02.000815","MOS.D02.000815","A4","Kansas Biological Survey"
"4cd48d4d-31c5-4edf-bab7-2411e4ed0992","BLAN_066.mosquitoPoint.mos","D02","BLAN","BLAN_066","2018-08-06T23:42Z","2018-08-07T14:16Z",NA,"MOS.D02.000965","MOS.D02.000965","E5","Kansas Biological Survey"
"c5b50813-492c-4645-96ae-2063dd79800e","BLAN_066.mosquitoPoint.mos","D02","BLAN","BLAN_066","2018-08-06T23:42Z","2018-08-07T14:16Z",NA,"MOS.D02.000896","MOS.D02.000896","G9","Kansas Biological Survey"
"39b6caa9-3aef-4f71-aafc-8784efc363a8","BLAN_029.mosquitoPoint.mos","D02","BLAN","BLAN_029","2018-08-06T23:46Z","2018-08-07T14:22Z",NA,"MOS.D02.000936","MOS.D02.000936","C1","Kansas Biological Survey"
"5d7ce985-3a36-4b44-b5c0-69d0b5892a96","BLAN_026.mosquitoPoint.mos","D02","BLAN","BLAN_026","2018-08-06T23:54Z","2018-08-07T14:27Z",NA,"MOS.D02.000825","MOS.D02.000825","A12","Kansas Biological Survey"
"04472723-6659-4c95-87db-237afd5c5046","BLAN_023.mosquitoPoint.mos","D02","BLAN","BLAN_023","2018-08-07T14:39Z","2018-08-07T21:45Z",NA,"MOS.D02.000947","MOS.D02.000947","C12","Kansas Biological Survey"
"82dda475-02ad-4237-8b91-8f7e74524217","BLAN_024.mosquitoPoint.mos","D02","BLAN","BLAN_024","2018-08-07T14:46Z","2018-08-07T21:50Z",NA,"MOS.D02.000948","MOS.D02.000948","D1","Kansas Biological Survey"
"85db34d9-59cc-4d39-8cac-2a2f5daa45a0","BLAN_066.mosquitoPoint.mos","D02","BLAN","BLAN_066","2018-09-04T20:11Z","2018-09-05T14:00Z",NA,"MOS.D02.000898","MOS.D02.000898","G11","Kansas Biological Survey"
"a88b0fce-40d4-4aee-9505-b2cf8ae0ad50","BLAN_026.mosquitoPoint.mos","D02","BLAN","BLAN_026","2018-09-04T20:28Z","2018-09-05T14:12Z",NA,"MOS.D02.000897","MOS.D02.000897","G10","Kansas Biological Survey"
"9e4fece3-4ebf-4b6d-9524-788af9725253","BLAN_023.mosquitoPoint.mos","D02","BLAN","BLAN_023","2018-09-05T14:19Z","2018-09-05T20:30Z",NA,"MOS.D02.000966","MOS.D02.000966","E6","Kansas Biological Survey"
"62e459b8-13fd-4082-8594-d86cb1183f1f","BLAN_027.mosquitoPoint.mos","D02","BLAN","BLAN_027","2018-10-01T19:52Z","2018-10-02T13:41Z",NA,"MOS.D02.000816","MOS.D02.000816","A5","Kansas Biological Survey"
"1af0ab50-7141-4ff1-9e7a-358a424358b0","BLAN_066.mosquitoPoint.mos","D02","BLAN","BLAN_066","2018-10-01T20:18Z","2018-10-02T14:04Z",NA,"MOS.D02.000916","MOS.D02.000916","A5","Kansas Biological Survey"
"06aee9b2-7ffc-46ae-bf6f-6eef585129f0","BLAN_066.mosquitoPoint.mos","D02","BLAN","BLAN_066","2018-10-01T20:18Z","2018-10-02T14:04Z",NA,"MOS.D02.000876","MOS.D02.000876","F2","Kansas Biological Survey"
"6777b410-4a42-46f9-89fd-4593c142e4f5","BLAN_066.mosquitoPoint.mos","D02","BLAN","BLAN_066","2018-10-01T20:18Z","2018-10-02T14:04Z",NA,"MOS.D02.000926","MOS.D02.000926","B3","Kansas Biological Survey"
"2d478286-19a7-4ee4-9324-3e38c488f5fa","BLAN_065.mosquitoPoint.mos","D02","BLAN","BLAN_065","2018-10-01T20:22Z","2018-10-02T14:09Z",NA,"MOS.D02.000931","MOS.D02.000931","B8","Kansas Biological Survey"
"18565bce-5650-425d-b7f2-fc8ad61d4795","BLAN_065.mosquitoPoint.mos","D02","BLAN","BLAN_065","2018-10-01T20:22Z","2018-10-02T14:09Z",NA,"MOS.D02.000997","MOS.D02.000997","H1","Kansas Biological Survey"
"186e6c7e-74fd-4c76-aaa3-9154531d780e","BLAN_029.mosquitoPoint.mos","D02","BLAN","BLAN_029","2018-10-01T20:34Z","2018-10-02T14:15Z",NA,"MOS.D02.000930","MOS.D02.000930","B7","Kansas Biological Survey"
"81dd266f-f6ec-42f4-b062-72d2b083bac8","BLAN_029.mosquitoPoint.mos","D02","BLAN","BLAN_029","2018-10-01T20:34Z","2018-10-02T14:15Z",NA,"MOS.D02.000928","MOS.D02.000928","B5","Kansas Biological Survey"
"4875f39f-b944-44c4-8f33-047d356a5719","BLAN_029.mosquitoPoint.mos","D02","BLAN","BLAN_029","2018-10-01T20:34Z","2018-10-02T14:15Z",NA,"MOS.D02.000929","MOS.D02.000929","B6","Kansas Biological Survey"
"78c134e5-8390-4a6a-abd8-fd36c2bcb8b7","BLAN_029.mosquitoPoint.mos","D02","BLAN","BLAN_029","2018-10-01T20:34Z","2018-10-02T14:15Z",NA,"MOS.D02.000927","MOS.D02.000927","B4","Kansas Biological Survey"
"c2a5a012-0b9e-47a9-b78f-eba2651f791e","BLAN_029.mosquitoPoint.mos","D02","BLAN","BLAN_029","2018-10-01T20:34Z","2018-10-02T14:15Z",NA,"MOS.D02.000996","MOS.D02.000996","G12","Kansas Biological Survey"
"8c26b3de-7535-47ba-9d96-bec9eb0fb46b","BLAN_029.mosquitoPoint.mos","D02","BLAN","BLAN_029","2018-10-01T20:34Z","2018-10-02T14:15Z",NA,"MOS.D02.000917","MOS.D02.000917","A6","Kansas Biological Survey"
"b2f4c46b-f4cf-4ef6-844f-0b19d42b87bf","BLAN_029.mosquitoPoint.mos","D02","BLAN","BLAN_029","2018-10-01T20:34Z","2018-10-02T14:15Z",NA,"MOS.D02.000937","MOS.D02.000937","C2","Kansas Biological Survey"
"95b576fa-f1e8-4d62-97d1-95bc21af83d0","BLAN_026.mosquitoPoint.mos","D02","BLAN","BLAN_026","2018-10-01T20:37Z","2018-10-02T14:22Z",NA,"MOS.D02.000877","MOS.D02.000877","F3","Kansas Biological Survey"
"d40abaa9-4a5b-47d0-93b4-8f66294ea40e","BLAN_023.mosquitoPoint.mos","D02","BLAN","BLAN_023","2018-10-01T20:45Z","2018-10-02T14:31Z",NA,"MOS.D02.000868","MOS.D02.000868","E6","Kansas Biological Survey"
"868986aa-fe44-4af7-8f92-b1b3e156173e","BLAN_024.mosquitoPoint.mos","D02","BLAN","BLAN_024","2018-10-01T20:55Z","2018-10-02T14:36Z",NA,"MOS.D02.000995","MOS.D02.000995","G11","Kansas Biological Survey"
"58b81a8f-b382-4c08-be62-6f9b4d07cfdf","BLAN_027.mosquitoPoint.mos","D02","BLAN","BLAN_027","2018-10-02T13:41Z","2018-10-02T19:08Z",NA,"MOS.D02.000867","MOS.D02.000867","E5","Kansas Biological Survey"
"c3408cca-8c4b-4817-9572-fe2843b4b8e6","BLAN_025.mosquitoPoint.mos","D02","BLAN","BLAN_025","2018-10-02T14:00Z","2018-10-02T19:30Z",NA,"MOS.D02.000856","MOS.D02.000856","D6","Kansas Biological Survey"
"80fee8f9-b023-484e-97f9-aceaa34c226f","BLAN_029.mosquitoPoint.mos","D02","BLAN","BLAN_029","2018-10-02T14:15Z","2018-10-02T19:41Z",NA,"MOS.D02.000925","MOS.D02.000925","B2","Kansas Biological Survey"
"3656e88b-7a91-4f00-b989-9cd0368a83fc","BLAN_023.mosquitoPoint.mos","D02","BLAN","BLAN_023","2018-10-02T14:31Z","2018-10-02T19:51Z",NA,"MOS.D02.000949","MOS.D02.000949","D2","Kansas Biological Survey"
"b12bc32a-ecef-4969-aa8f-653f61e5f257","BLAN_024.mosquitoPoint.mos","D02","BLAN","BLAN_024","2018-10-02T14:36Z","2018-10-02T19:54Z",NA,"MOS.D02.000817","MOS.D02.000817","A6","Kansas Biological Survey"
"6337cbbf-0e3c-4ee3-9010-dc0fb891182d","BLAN_024.mosquitoPoint.mos","D02","BLAN","BLAN_024","2018-10-02T14:36Z","2018-10-02T19:54Z",NA,"MOS.D02.001000","MOS.D02.001000","H3","Kansas Biological Survey"
"a9298bb5-74d6-4486-8ffa-775c94d527bb","BLAN_024.mosquitoPoint.mos","D02","BLAN","BLAN_024","2018-10-02T14:36Z","2018-10-02T19:54Z",NA,"MOS.D02.000999","MOS.D02.000999","H2","Kansas Biological Survey"
"fda2099a-af1d-4608-81e0-a2433778cf7e","BLAN_024.mosquitoPoint.mos","D02","BLAN","BLAN_024","2018-10-02T14:36Z","2018-10-02T19:54Z",NA,"MOS.D02.000950","MOS.D02.000950","D3","Kansas Biological Survey"
"c8d5e843-1c94-42b5-87fe-4e9fcd379bbb","BLAN_026.mosquitoPoint.mos","D02","BLAN","BLAN_026","2018-10-30T19:19Z","2018-10-31T13:48Z",NA,"MOS.D02.000854","MOS.D02.000854","D4","Kansas Biological Survey"
"b824d290-a6f0-4caf-b78d-8bb951a9bdb5","OSBS_054.mosquitoPoint.mos","D03","OSBS","OSBS_054","2017-03-06T20:31Z","2017-03-07T13:37Z",NA,"MOS.D03.000930","MOS.D03.000930","A12","Vector Disease Control International"
"2ccab340-0ee5-4e85-870c-47e8f170a39f","OSBS_058.mosquitoPoint.mos","D03","OSBS","OSBS_058","2017-03-07T23:06Z","2017-03-08T14:56Z",NA,"MOS.D03.000931","MOS.D03.000931","A01","Vector Disease Control International"
"eb326139-43ca-4729-a127-717857a3a9a2","OSBS_054.mosquitoPoint.mos","D03","OSBS","OSBS_054","2017-04-17T20:56Z","2017-04-18T12:17Z",NA,"MOS.D03.000935","MOS.D03.000935","A02","Vector Disease Control International"
"f95e0703-c827-4467-9575-930b42b27e39","OSBS_060.mosquitoPoint.mos","D03","OSBS","OSBS_060","2017-04-18T21:40Z","2017-04-19T13:08Z",NA,"MOS.D03.000937","MOS.D03.000937","C06","Vector Disease Control International"
"587c839a-fd38-43da-818f-e6b267442e1e","OSBS_058.mosquitoPoint.mos","D03","OSBS","OSBS_058","2017-05-01T21:57Z","2017-05-02T14:27Z",NA,"MOS.D03.000940","MOS.D03.000940","C08","Vector Disease Control International"
"ad36fcbf-8019-4119-8c08-3a3667905f29","OSBS_058.mosquitoPoint.mos","D03","OSBS","OSBS_058","2017-05-01T21:57Z","2017-05-02T14:27Z",NA,"MOS.D03.000939","MOS.D03.000939","C07","Vector Disease Control International"
"cc796cf1-f4a4-4c1d-95fb-3ad1b88d60ad","OSBS_056.mosquitoPoint.mos","D03","OSBS","OSBS_056","2017-05-02T22:51Z","2017-05-03T14:16Z",NA,"MOS.D03.000938","MOS.D03.000938","G02","Vector Disease Control International"
"64d0221e-3025-4c8d-a6e1-4815ee61b2de","OSBS_058.mosquitoPoint.mos","D03","OSBS","OSBS_058","2017-05-31T22:31Z","2017-06-01T14:42Z",NA,"MOS.D03.000948","MOS.D03.000948","G11","Vector Disease Control International"
"9a275f85-1454-46ae-9704-410ac7bb304e","OSBS_058.mosquitoPoint.mos","D03","OSBS","OSBS_058","2017-05-31T22:31Z","2017-06-01T14:42Z",NA,"MOS.D03.000947","MOS.D03.000947","B02","Vector Disease Control International"
"a151efd3-6b0b-45a1-b29f-cf23236ab3dc","OSBS_058.mosquitoPoint.mos","D03","OSBS","OSBS_058","2017-05-31T22:31Z","2017-06-01T14:42Z",NA,"MOS.D03.000946","MOS.D03.000946","B01","Vector Disease Control International"
"ade1047c-e275-40ad-88f2-4ca99fe49421","OSBS_057.mosquitoPoint.mos","D03","OSBS","OSBS_057","2017-06-13T21:00Z","2017-06-14T11:27Z",NA,"MOS.D03.000958","MOS.D03.000958","D12","Vector Disease Control International"
"940b5178-1f7d-4074-b9f0-d03081402225","OSBS_057.mosquitoPoint.mos","D03","OSBS","OSBS_057","2017-06-13T21:00Z","2017-06-14T11:27Z",NA,"MOS.D03.000959","MOS.D03.000959","C10","Vector Disease Control International"
"03c2fbef-2b24-4526-8823-6cf31349a973","OSBS_057.mosquitoPoint.mos","D03","OSBS","OSBS_057","2017-06-13T21:00Z","2017-06-14T11:27Z",NA,"MOS.D03.000962","MOS.D03.000962","H11","Vector Disease Control International"
"b648b842-7029-44fb-b2f0-4fcde6197606","OSBS_057.mosquitoPoint.mos","D03","OSBS","OSBS_057","2017-06-13T21:00Z","2017-06-14T11:27Z",NA,"MOS.D03.000961","MOS.D03.000961","H10","Vector Disease Control International"
"cdd41367-9500-4d0b-b55c-15fa495bf754","OSBS_057.mosquitoPoint.mos","D03","OSBS","OSBS_057","2017-06-13T21:00Z","2017-06-14T11:27Z",NA,"MOS.D03.000960","MOS.D03.000960","H09","Vector Disease Control International"
"1134796a-aa6d-4b87-b02e-f0a0a32bea6e","OSBS_054.mosquitoPoint.mos","D03","OSBS","OSBS_054","2017-06-13T21:34Z","2017-06-14T12:00Z",NA,"MOS.D03.000954","MOS.D03.000954","C09","Vector Disease Control International"
"859404a9-689e-4af2-a880-ac959e2d178a","OSBS_054.mosquitoPoint.mos","D03","OSBS","OSBS_054","2017-06-13T21:34Z","2017-06-14T12:00Z",NA,"MOS.D03.000956","MOS.D03.000956","H01","Vector Disease Control International"
"f93985c2-e803-4bb4-8926-c951478f45b6","OSBS_054.mosquitoPoint.mos","D03","OSBS","OSBS_054","2017-06-13T21:34Z","2017-06-14T12:00Z",NA,"MOS.D03.000955","MOS.D03.000955","G12","Vector Disease Control International"
"5ca5a3ca-3c7b-4c6c-ab8b-2a44ddb64cba","OSBS_054.mosquitoPoint.mos","D03","OSBS","OSBS_054","2017-06-26T21:57Z","2017-06-27T12:30Z",NA,"MOS.D03.000971","MOS.D03.000971","C12","Vector Disease Control International"
"2bd5f67b-1054-45c6-b560-339ad05abe21","OSBS_054.mosquitoPoint.mos","D03","OSBS","OSBS_054","2017-06-26T21:57Z","2017-06-27T12:30Z",NA,"MOS.D03.000970","MOS.D03.000970","F01","Vector Disease Control International"
"305bcafe-1809-44cf-a28e-f86e0e60ff0e","OSBS_053.mosquitoPoint.mos","D03","OSBS","OSBS_053","2017-06-26T22:13Z","2017-06-27T12:47Z",NA,"MOS.D03.000969","MOS.D03.000969","G04","Vector Disease Control International"
"3305aac2-d726-4437-ba54-434c4ac04e79","OSBS_053.mosquitoPoint.mos","D03","OSBS","OSBS_053","2017-06-26T22:13Z","2017-06-27T12:47Z",NA,"MOS.D03.000968","MOS.D03.000968","F02","Vector Disease Control International"
"6fab3cae-6b36-4136-95c4-434fc70db5cc","OSBS_057.mosquitoPoint.mos","D03","OSBS","OSBS_057","2017-06-27T11:58Z","2017-06-27T21:04Z",NA,"MOS.D03.000972","MOS.D03.000972","C05","Vector Disease Control International"
"d6eaaee7-fe33-4277-bac4-faafc8b93267","OSBS_057.mosquitoPoint.mos","D03","OSBS","OSBS_057","2017-06-27T11:58Z","2017-06-27T21:04Z",NA,"MOS.D03.000973","MOS.D03.000973","C06","Vector Disease Control International"
"39c83ead-4e0a-4014-abd2-25b7f5290a6f","OSBS_052.mosquitoPoint.mos","D03","OSBS","OSBS_052","2017-06-27T21:50Z","2017-06-28T12:23Z",NA,"MOS.D03.000964","MOS.D03.000964","G03","Vector Disease Control International"
"4c4b04e7-c39a-404f-a2c7-e6111b53d161","OSBS_052.mosquitoPoint.mos","D03","OSBS","OSBS_052","2017-06-27T21:50Z","2017-06-28T12:23Z",NA,"MOS.D03.000963","MOS.D03.000963","E01","Vector Disease Control International"
"026f8a28-1521-44b1-ae7b-faaf15f3766a","OSBS_052.mosquitoPoint.mos","D03","OSBS","OSBS_052","2017-06-27T21:50Z","2017-06-28T12:23Z",NA,"MOS.D03.000966","MOS.D03.000966","H12","Vector Disease Control International"
"68bf877b-6b74-4c66-b994-ee3502f9db88","OSBS_052.mosquitoPoint.mos","D03","OSBS","OSBS_052","2017-06-27T21:50Z","2017-06-28T12:23Z",NA,"MOS.D03.000967","MOS.D03.000967","A01","Vector Disease Control International"
"1892361c-3d9e-40c4-bf99-ea561a42e177","OSBS_060.mosquitoPoint.mos","D03","OSBS","OSBS_060","2017-06-28T13:05Z","2017-06-28T21:38Z",NA,"MOS.D03.000975","MOS.D03.000975","F07","Vector Disease Control International"
"b179e3aa-20d9-4238-9333-7f037be4df22","OSBS_058.mosquitoPoint.mos","D03","OSBS","OSBS_058","2017-06-28T21:56Z","2017-06-29T12:26Z",NA,"MOS.D03.000974","MOS.D03.000974","C11","Vector Disease Control International"
"e7c3196b-6789-422c-b4c0-bbaf09184924","OSBS_054.mosquitoPoint.mos","D03","OSBS","OSBS_054","2017-07-10T21:14Z","2017-07-11T11:48Z",NA,"MOS.D03.000985","MOS.D03.000985","E04","Vector Disease Control International"
"5b207c63-d2b3-4e6f-8dc0-5d75356fe11e","OSBS_053.mosquitoPoint.mos","D03","OSBS","OSBS_053","2017-07-10T21:31Z","2017-07-11T12:04Z",NA,"MOS.D03.000979","MOS.D03.000979","E02","Vector Disease Control International"
"6dcf3f8b-cc80-41da-88d2-076e874ada37","OSBS_053.mosquitoPoint.mos","D03","OSBS","OSBS_053","2017-07-10T21:31Z","2017-07-11T12:04Z",NA,"MOS.D03.000980","MOS.D03.000980","E03","Vector Disease Control International"
"40e4e943-adb5-4660-aa9d-514f6d05013c","OSBS_054.mosquitoPoint.mos","D03","OSBS","OSBS_054","2017-07-11T11:48Z","2017-07-11T21:38Z",NA,"MOS.D03.000986","MOS.D03.000986","D01","Vector Disease Control International"
"34c058eb-fa8e-4a21-a060-c28720f578d0","OSBS_054.mosquitoPoint.mos","D03","OSBS","OSBS_054","2017-07-11T21:38Z","2017-07-12T12:26Z",NA,"MOS.D03.000989","MOS.D03.000989","D12","Vector Disease Control International"
"8d5de11e-22c3-4b39-a685-4b20351cf768","OSBS_054.mosquitoPoint.mos","D03","OSBS","OSBS_054","2017-07-11T21:38Z","2017-07-12T12:26Z",NA,"MOS.D03.000988","MOS.D03.000988","D10","Vector Disease Control International"
"64bcd2d3-be03-4ce1-954d-439b333ae981","OSBS_053.mosquitoPoint.mos","D03","OSBS","OSBS_053","2017-07-11T21:52Z","2017-07-12T12:42Z",NA,"MOS.D03.000984","MOS.D03.000984","G05","Vector Disease Control International"
"4154e99b-8fde-4a6d-89fc-524c2e58d972","OSBS_061.mosquitoPoint.mos","D03","OSBS","OSBS_061","2017-07-11T22:04Z","2017-07-12T12:55Z",NA,"MOS.D03.000996","MOS.D03.000996","A02","Vector Disease Control International"
"585d45ef-e259-4609-ba3e-0aacdb0431c5","OSBS_061.mosquitoPoint.mos","D03","OSBS","OSBS_061","2017-07-11T22:04Z","2017-07-12T12:55Z",NA,"MOS.D03.000997","MOS.D03.000997","A03","Vector Disease Control International"
"0536727d-5d69-4603-a076-c8b98454ae2c","OSBS_056.mosquitoPoint.mos","D03","OSBS","OSBS_056","2017-07-24T22:25Z","2017-07-25T13:16Z",NA,"MOS.D03.000998","MOS.D03.000998","C12","Vector Disease Control International"
"877feea8-39a4-420a-b3b3-616caa2e36a9","OSBS_053.mosquitoPoint.mos","D03","OSBS","OSBS_053","2017-08-07T21:53Z","2017-08-08T12:29Z",NA,"MOS.D03.001009","MOS.D03.001009","H11","Vector Disease Control International"
"b2426808-af07-434c-813b-a387b0843626","OSBS_054.mosquitoPoint.mos","D03","OSBS","OSBS_054","2017-08-08T21:15Z","2017-08-09T12:27Z",NA,"MOS.D03.001010","MOS.D03.001010","H02","Vector Disease Control International"
"a19ca21e-5ebf-4333-87d4-2c02274c70a4","OSBS_060.mosquitoPoint.mos","D03","OSBS","OSBS_060","2017-08-08T22:24Z","2017-08-09T13:21Z",NA,"MOS.D03.001013","MOS.D03.001013","D12","Vector Disease Control International"
"a347ff9e-0b81-4545-806d-959c5314cd2c","OSBS_057.mosquitoPoint.mos","D03","OSBS","OSBS_057","2017-08-22T20:27Z","2017-08-23T11:55Z",NA,"MOS.D03.001017","MOS.D03.001017","F08","Vector Disease Control International"
"4004655e-3356-4595-acdc-5f78c698d762","OSBS_055.mosquitoPoint.mos","D03","OSBS","OSBS_055","2017-08-22T21:00Z","2017-08-23T12:12Z",NA,"MOS.D03.001014","MOS.D03.001014","G06","Vector Disease Control International"
"02636400-7cb3-4523-9f47-5e14c6f691c2","OSBS_055.mosquitoPoint.mos","D03","OSBS","OSBS_055","2017-08-22T21:00Z","2017-08-23T12:12Z",NA,"MOS.D03.001015","MOS.D03.001015","F02","Vector Disease Control International"
"cb5e3961-aebb-4509-9024-39cb7ee52c98","OSBS_055.mosquitoPoint.mos","D03","OSBS","OSBS_055","2017-09-20T20:22Z","2017-09-21T12:02Z",NA,"MOS.D03.001027","MOS.D03.001027","G08","Vector Disease Control International"
"0d4ad0f8-bb77-4588-9c10-2d6f9a8a680e","OSBS_053.mosquitoPoint.mos","D03","OSBS","OSBS_053","2017-09-20T20:58Z","2017-09-21T12:34Z",NA,"MOS.D03.001026","MOS.D03.001026","G07","Vector Disease Control International"
"b53b2470-eab7-4620-9da1-ddbb697aa285","OSBS_060.mosquitoPoint.mos","D03","OSBS","OSBS_060","2017-09-21T13:07Z","2017-09-21T22:10Z",NA,"MOS.D03.001029","MOS.D03.001029","F09","Vector Disease Control International"
"46797853-fd83-4e3c-b534-1cf9384eab05","OSBS_056.mosquitoPoint.mos","D03","OSBS","OSBS_056","2017-09-21T21:48Z","2017-09-22T13:41Z",NA,"MOS.D03.001028","MOS.D03.001028","D07","Vector Disease Control International"
"eaf64c6b-4e93-4672-afce-cc97333f2331","OSBS_055.mosquitoPoint.mos","D03","OSBS","OSBS_055","2017-10-02T20:53Z","2017-10-03T12:17Z",NA,"MOS.D03.001030","MOS.D03.001030","D08","Vector Disease Control International"
"964ba71b-aa2a-4988-b839-5c8bd72c3f88","OSBS_059.mosquitoPoint.mos","D03","OSBS","OSBS_059","2017-10-03T20:52Z","2017-10-04T12:56Z",NA,"MOS.D03.001031","MOS.D03.001031","A03","Vector Disease Control International"
"e48201f8-551a-4cf6-916b-b5cd12739a7f","OSBS_059.mosquitoPoint.mos","D03","OSBS","OSBS_059","2017-10-03T20:52Z","2017-10-04T12:56Z",NA,"MOS.D03.001034","MOS.D03.001034","A06","Vector Disease Control International"
"dd3f1311-b65b-4f80-ab5d-62ce5ae0e22d","OSBS_059.mosquitoPoint.mos","D03","OSBS","OSBS_059","2017-10-03T20:52Z","2017-10-04T12:56Z",NA,"MOS.D03.001033","MOS.D03.001033","A05","Vector Disease Control International"
"7b0dac4e-fbbd-4785-bc39-dba0943e178b","OSBS_059.mosquitoPoint.mos","D03","OSBS","OSBS_059","2017-10-03T20:52Z","2017-10-04T12:56Z",NA,"MOS.D03.001032","MOS.D03.001032","A04","Vector Disease Control International"
"ac4843e1-c0dc-4c4b-a672-1b4c1356949e","OSBS_061.mosquitoPoint.mos","D03","OSBS","OSBS_061","2017-10-16T20:47Z","2017-10-17T12:51Z",NA,"MOS.D03.001036","MOS.D03.001036","C08","Vector Disease Control International"
"838f861b-bc35-4931-aa2e-d4e93480d17f","OSBS_056.mosquitoPoint.mos","D03","OSBS","OSBS_056","2017-10-17T21:25Z","2017-10-18T13:32Z",NA,"MOS.D03.001035","MOS.D03.001035","C07","Vector Disease Control International"
"cd978c7b-cb09-419d-8fc3-a0fa387d2b65","OSBS_055.mosquitoPoint.mos","D03","OSBS","OSBS_055","2017-10-30T20:12Z","2017-10-31T12:22Z",NA,"MOS.D03.001039","MOS.D03.001039","D10","Vector Disease Control International"
"a765f548-88d3-4cf2-bd3e-945fe5860437","OSBS_055.mosquitoPoint.mos","D03","OSBS","OSBS_055","2017-10-30T20:12Z","2017-10-31T12:22Z",NA,"MOS.D03.001038","MOS.D03.001038","D09","Vector Disease Control International"
"dd072332-d574-44ef-ba07-c966f243956a","OSBS_058.mosquitoPoint.mos","D03","OSBS","OSBS_058","2017-10-31T20:29Z","2017-11-01T13:31Z",NA,"MOS.D03.001040","MOS.D03.001040","A01","Vector Disease Control International"
"ad272ddc-52ab-4bf0-ad4a-5df79c1716eb","OSBS_052.mosquitoPoint.mos","D03","OSBS","OSBS_052","2017-11-27T20:05Z","2017-11-28T13:39Z",NA,"MOS.D03.001048","MOS.D03.001048","A09","Vector Disease Control International"
"b306b2ae-11c5-446b-8e11-7e5bc7d6d222","OSBS_058.mosquitoPoint.mos","D03","OSBS","OSBS_058","2017-11-27T20:54Z","2017-11-28T14:28Z",NA,"MOS.D03.001057","MOS.D03.001057","B05","Vector Disease Control International"
"e21a36d6-7ca2-4f86-8a6c-3e447544f951","OSBS_058.mosquitoPoint.mos","D03","OSBS","OSBS_058","2017-11-27T20:54Z","2017-11-28T14:28Z",NA,"MOS.D03.001054","MOS.D03.001054","B02","Vector Disease Control International"
"a1b6e98b-e1cb-43d0-9f88-e29f75119733","OSBS_058.mosquitoPoint.mos","D03","OSBS","OSBS_058","2017-11-27T20:54Z","2017-11-28T14:28Z",NA,"MOS.D03.001056","MOS.D03.001056","B04","Vector Disease Control International"
"b5a79700-a747-452b-b4d3-ff686d9628ea","OSBS_058.mosquitoPoint.mos","D03","OSBS","OSBS_058","2017-11-27T20:54Z","2017-11-28T14:28Z",NA,"MOS.D03.001053","MOS.D03.001053","B01","Vector Disease Control International"
"42c3a6f2-cfa7-49eb-818c-1ee6c601b21d","OSBS_058.mosquitoPoint.mos","D03","OSBS","OSBS_058","2017-11-27T20:54Z","2017-11-28T14:28Z",NA,"MOS.D03.001055","MOS.D03.001055","B03","Vector Disease Control International"
"b343aaec-e126-4a18-97c4-71b685c2096a","OSBS_055.mosquitoPoint.mos","D03","OSBS","OSBS_055","2017-11-28T19:14Z","2017-11-29T13:16Z",NA,"MOS.D03.001052","MOS.D03.001052","A12","Vector Disease Control International"
"c045bea5-8aea-427a-8145-2e0d17170a90","OSBS_054.mosquitoPoint.mos","D03","OSBS","OSBS_054","2017-11-28T19:29Z","2017-11-29T13:31Z",NA,"MOS.D03.001051","MOS.D03.001051","A11","Vector Disease Control International"
"6bc5ca3a-066e-43ff-9aad-7b0262edb605","OSBS_052.mosquitoPoint.mos","D03","OSBS","OSBS_052","2017-11-28T19:45Z","2017-11-29T13:45Z",NA,"MOS.D03.001050","MOS.D03.001050","A10","Vector Disease Control International"
"6b66dbc5-c192-4632-ad16-e0b21c1be021","OSBS_059.mosquitoPoint.mos","D03","OSBS","OSBS_059","2017-11-28T19:53Z","2017-11-29T13:55Z",NA,"MOS.D03.001066","MOS.D03.001066","C01","Vector Disease Control International"
"c689e20a-6ca7-4ffc-9c1f-31f18c2dfaf7","OSBS_059.mosquitoPoint.mos","D03","OSBS","OSBS_059","2017-11-28T19:53Z","2017-11-29T13:55Z",NA,"MOS.D03.001068","MOS.D03.001068","C03","Vector Disease Control International"
"2ee47b4f-2c32-4d1f-9393-4db5e96fef52","OSBS_059.mosquitoPoint.mos","D03","OSBS","OSBS_059","2017-11-28T19:53Z","2017-11-29T13:55Z",NA,"MOS.D03.001067","MOS.D03.001067","C02","Vector Disease Control International"
"eb1e21ea-65ef-47e0-9cb9-a569a9632b3e","OSBS_058.mosquitoPoint.mos","D03","OSBS","OSBS_058","2017-11-28T20:32Z","2017-11-29T14:39Z",NA,"MOS.D03.001058","MOS.D03.001058","B06","Vector Disease Control International"
"fc7996d6-e644-4dc3-8df0-1aecc2fe482c","OSBS_058.mosquitoPoint.mos","D03","OSBS","OSBS_058","2017-11-28T20:32Z","2017-11-29T14:39Z",NA,"MOS.D03.001062","MOS.D03.001062","B09","Vector Disease Control International"
"956fbed3-cb43-443b-875b-14198ddf1086","OSBS_058.mosquitoPoint.mos","D03","OSBS","OSBS_058","2017-11-28T20:32Z","2017-11-29T14:39Z",NA,"MOS.D03.001061","MOS.D03.001061","B08","Vector Disease Control International"
"fc7ed2aa-b66c-4849-a8c0-71ad97d10b64","OSBS_058.mosquitoPoint.mos","D03","OSBS","OSBS_058","2017-11-28T20:32Z","2017-11-29T14:39Z",NA,"MOS.D03.001065","MOS.D03.001065","B12","Vector Disease Control International"
"12725fff-42eb-4cf0-843a-39a8d6b33d0b","OSBS_058.mosquitoPoint.mos","D03","OSBS","OSBS_058","2017-11-28T20:32Z","2017-11-29T14:39Z",NA,"MOS.D03.001060","MOS.D03.001060","B07","Vector Disease Control International"
"df62863d-0d1c-4e0a-ac9b-9506da1df828","OSBS_058.mosquitoPoint.mos","D03","OSBS","OSBS_058","2017-11-28T20:32Z","2017-11-29T14:39Z",NA,"MOS.D03.001064","MOS.D03.001064","B11","Vector Disease Control International"
"b85dca10-0453-4afc-8bda-6af007ccf2d4","OSBS_058.mosquitoPoint.mos","D03","OSBS","OSBS_058","2017-11-28T20:32Z","2017-11-29T14:39Z",NA,"MOS.D03.001063","MOS.D03.001063","B10","Vector Disease Control International"
"6c35870a-7dea-4f64-aaac-abe5599f5706","OSBS_060.mosquitoPoint.mos","D03","OSBS","OSBS_060","2017-12-12T14:16Z","2017-12-12T20:05Z",NA,"MOS.D03.001071","MOS.D03.001071","C06","Vector Disease Control International"
"fd3488e6-e7ee-4bcc-9691-c566822f8846","OSBS_052.mosquitoPoint.mos","D03","OSBS","OSBS_052","2017-12-12T19:19Z","2017-12-13T13:22Z",NA,"MOS.D03.001069","MOS.D03.001069","C04","Vector Disease Control International"
"996e29ca-457d-4b99-af44-f1ac01f6b774","OSBS_059.mosquitoPoint.mos","D03","OSBS","OSBS_059","2017-12-12T19:43Z","2017-12-13T13:35Z",NA,"MOS.D03.001070","MOS.D03.001070","C05","Vector Disease Control International"
"9ee5d65f-a712-4939-a4f1-930a304f1741","OSBS_055.mosquitoPoint.mos","D03","OSBS","OSBS_055","2017-12-27T18:53Z","2017-12-28T13:41Z",NA,"MOS.D03.001074","MOS.D03.001074","C09","Vector Disease Control International"
"a8e5ea59-da56-4587-b2f6-cdc42955f05a","OSBS_055.mosquitoPoint.mos","D03","OSBS","OSBS_055","2017-12-27T18:53Z","2017-12-28T13:41Z",NA,"MOS.D03.001073","MOS.D03.001073","C08","Vector Disease Control International"
"32e01e4c-8ee6-464b-b906-d03d05a9ebce","OSBS_054.mosquitoPoint.mos","D03","OSBS","OSBS_054","2017-12-27T19:07Z","2017-12-28T13:58Z",NA,"MOS.D03.001072","MOS.D03.001072","C07","Vector Disease Control International"
"843707fe-be41-409f-9199-efaf822beddc","OSBS_058.mosquitoPoint.mos","D03","OSBS","OSBS_058","2017-12-27T20:07Z","2017-12-28T15:22Z",NA,"MOS.D03.001075","MOS.D03.001075","C10","Vector Disease Control International"
"bbc5928b-daec-4369-93e5-9bf58760e902","OSBS_059.mosquitoPoint.mos","D03","OSBS","OSBS_059","2018-01-22T19:55Z","2018-01-23T14:16Z",NA,"MOS.D03.001079","MOS.D03.001079","D02","Vector Disease Control International"
"f39dc188-1d6f-4b7c-97ba-072fc05b0376","OSBS_058.mosquitoPoint.mos","D03","OSBS","OSBS_058","2018-01-22T20:39Z","2018-01-23T14:54Z",NA,"MOS.D03.001078","MOS.D03.001078","D01","Vector Disease Control International"
"c425044f-0c94-4fe3-9777-9da5d8190242","OSBS_053.mosquitoPoint.mos","D03","OSBS","OSBS_053","2018-02-05T20:18Z","2018-02-06T14:06Z",NA,"MOS.D03.001080","MOS.D03.001080","D03","Vector Disease Control International"
"66f27e7b-dfcd-4443-9922-5b6c906f2c5a","OSBS_053.mosquitoPoint.mos","D03","OSBS","OSBS_053","2018-02-05T20:18Z","2018-02-06T14:06Z",NA,"MOS.D03.001081","MOS.D03.001081","D04","Vector Disease Control International"
"4d1ed77b-14af-4e96-9c9b-00477360e95c","OSBS_060.mosquitoPoint.mos","D03","OSBS","OSBS_060","2018-02-06T14:41Z","2018-02-06T20:47Z",NA,"MOS.D03.001082","MOS.D03.001082","D05","Vector Disease Control International"
"730a3175-fbd2-44e4-8a51-092f9b894e38","OSBS_060.mosquitoPoint.mos","D03","OSBS","OSBS_060","2018-02-06T20:47Z","2018-02-07T14:35Z",NA,"MOS.D03.001084","MOS.D03.001084","D07","Vector Disease Control International"
"bcc9dce1-3bb2-4b8e-b566-b25e36e286c7","OSBS_060.mosquitoPoint.mos","D03","OSBS","OSBS_060","2018-02-06T20:47Z","2018-02-07T14:35Z",NA,"MOS.D03.001083","MOS.D03.001083","D06","Vector Disease Control International"
"7369b8fd-d4a6-4646-828e-f0cee5cd119f","OSBS_054.mosquitoPoint.mos","D03","OSBS","OSBS_054","2018-02-19T20:04Z","2018-02-20T13:16Z",NA,"MOS.D03.001087","MOS.D03.001087","D10","Vector Disease Control International"
"ce1cf4b1-d1f2-41b0-acac-6fe8f446125c","OSBS_054.mosquitoPoint.mos","D03","OSBS","OSBS_054","2018-02-19T20:04Z","2018-02-20T13:16Z",NA,"MOS.D03.001088","MOS.D03.001088","D11","Vector Disease Control International"
"4d09b8a5-b503-4416-96ae-3c6255259d6d","OSBS_052.mosquitoPoint.mos","D03","OSBS","OSBS_052","2018-02-20T20:03Z","2018-02-21T13:24Z",NA,"MOS.D03.001085","MOS.D03.001085","D08","Vector Disease Control International"
"53a17013-8466-41f6-bdc1-dab3cac852f1","OSBS_052.mosquitoPoint.mos","D03","OSBS","OSBS_052","2018-02-20T20:03Z","2018-02-21T13:24Z",NA,"MOS.D03.001086","MOS.D03.001086","D09","Vector Disease Control International"
"92587510-e0d3-4212-806f-2f2c7141f04f","OSBS_060.mosquitoPoint.mos","D03","OSBS","OSBS_060","2018-02-20T20:45Z","2018-02-21T14:05Z",NA,"MOS.D03.001091","MOS.D03.001091","E02","Vector Disease Control International"
"534eab6d-0704-427b-b74d-42ea83695a8c","OSBS_060.mosquitoPoint.mos","D03","OSBS","OSBS_060","2018-02-20T20:45Z","2018-02-21T14:05Z",NA,"MOS.D03.001090","MOS.D03.001090","E01","Vector Disease Control International"
"2ed243f0-f162-4751-af75-32020e9c1a61","OSBS_058.mosquitoPoint.mos","D03","OSBS","OSBS_058","2018-02-20T20:59Z","2018-02-21T14:17Z",NA,"MOS.D03.001089","MOS.D03.001089","D12","Vector Disease Control International"
"5f7e6ff0-cea5-42c4-ba95-fb03c8886800","OSBS_052.mosquitoPoint.mos","D03","OSBS","OSBS_052","2018-03-05T20:25Z","2018-03-06T13:29Z",NA,"MOS.D03.001103","MOS.D03.001103","F02","Vector Disease Control International"
"a030970c-f365-4db6-a174-1d3157c8b18b","OSBS_052.mosquitoPoint.mos","D03","OSBS","OSBS_052","2018-03-05T20:25Z","2018-03-06T13:29Z",NA,"MOS.D03.001104","MOS.D03.001104","F03","Vector Disease Control International"
"66c75d21-1b4e-4400-b305-fdf51d9cec3c","OSBS_053.mosquitoPoint.mos","D03","OSBS","OSBS_053","2018-03-20T20:24Z","2018-03-21T13:01Z",NA,"MOS.D03.001106","MOS.D03.001106","F05","Vector Disease Control International"
"8b168b5c-fc49-4462-9751-e305b03ed4b1","OSBS_053.mosquitoPoint.mos","D03","OSBS","OSBS_053","2018-03-20T20:24Z","2018-03-21T13:01Z",NA,"MOS.D03.001105","MOS.D03.001105","F04","Vector Disease Control International"
"a62960ed-927a-4ad0-84d0-53171551bdc7","OSBS_053.mosquitoPoint.mos","D03","OSBS","OSBS_053","2018-03-20T20:24Z","2018-03-21T13:01Z",NA,"MOS.D03.001107","MOS.D03.001107","F06","Vector Disease Control International"
"7ee5e140-fc2f-4e7f-a722-7387cd631851","OSBS_053.mosquitoPoint.mos","D03","OSBS","OSBS_053","2018-03-20T20:24Z","2018-03-21T13:01Z",NA,"MOS.D03.001109","MOS.D03.001109","F08","Vector Disease Control International"
"c3a94de9-0dc8-4950-bc7c-59ec84e5f57f","OSBS_053.mosquitoPoint.mos","D03","OSBS","OSBS_053","2018-03-20T20:24Z","2018-03-21T13:01Z",NA,"MOS.D03.001108","MOS.D03.001108","F07","Vector Disease Control International"
"df51802f-76d7-4775-bcd8-c9e343da7ede","OSBS_058.mosquitoPoint.mos","D03","OSBS","OSBS_058","2018-03-20T21:09Z","2018-03-21T13:48Z",NA,"MOS.D03.001110","MOS.D03.001110","F09","Vector Disease Control International"
"11307f6b-1fcc-4165-a528-98cd043c0995","OSBS_061.mosquitoPoint.mos","D03","OSBS","OSBS_061","2018-04-03T21:49Z","2018-04-04T13:15Z",NA,"MOS.D03.001145","MOS.D03.001145","A07","Vector Disease Control International"
"dc8c5da0-9b5c-403c-a26b-0e73a63040fa","OSBS_054.mosquitoPoint.mos","D03","OSBS","OSBS_054","2018-04-18T21:30Z","2018-04-19T12:50Z",NA,"MOS.D03.001147","MOS.D03.001147","A09","Vector Disease Control International"
"b9deea2f-c707-427f-b529-c53eb0ee68cf","OSBS_054.mosquitoPoint.mos","D03","OSBS","OSBS_054","2018-04-18T21:30Z","2018-04-19T12:50Z",NA,"MOS.D03.001146","MOS.D03.001146","A08","Vector Disease Control International"
"8de24a9b-b193-4256-bad5-e350935890c5","OSBS_054.mosquitoPoint.mos","D03","OSBS","OSBS_054","2018-05-01T20:54Z","2018-05-02T12:07Z",NA,"MOS.D03.001151","MOS.D03.001151","A12","Vector Disease Control International"
"5d749781-e993-429c-9fbc-aef5b80cc291","OSBS_053.mosquitoPoint.mos","D03","OSBS","OSBS_053","2018-05-01T21:09Z","2018-05-02T12:23Z",NA,"MOS.D03.001150","MOS.D03.001150","A11","Vector Disease Control International"
"748601e8-8768-4d6c-a472-d98cdbbc9f4c","OSBS_053.mosquitoPoint.mos","D03","OSBS","OSBS_053","2018-05-01T21:09Z","2018-05-02T12:23Z",NA,"MOS.D03.001149","MOS.D03.001149","A10","Vector Disease Control International"
"d488813a-d59f-42ad-abc6-30dbc64e8266","OSBS_060.mosquitoPoint.mos","D03","OSBS","OSBS_060","2018-05-01T21:47Z","2018-05-02T12:57Z",NA,"MOS.D03.001156","MOS.D03.001156","B05","Vector Disease Control International"
"81457c32-db17-4d10-9a9f-6c98c54cc208","OSBS_056.mosquitoPoint.mos","D03","OSBS","OSBS_056","2018-05-01T22:15Z","2018-05-02T13:20Z",NA,"MOS.D03.001153","MOS.D03.001153","B02","Vector Disease Control International"
"c68a69b5-4401-4413-b74e-2ab46d9931eb","OSBS_056.mosquitoPoint.mos","D03","OSBS","OSBS_056","2018-05-01T22:15Z","2018-05-02T13:20Z",NA,"MOS.D03.001155","MOS.D03.001155","B04","Vector Disease Control International"
"521c73e5-cc23-4971-be2d-50a249f3a8d0","OSBS_056.mosquitoPoint.mos","D03","OSBS","OSBS_056","2018-05-01T22:15Z","2018-05-02T13:20Z",NA,"MOS.D03.001152","MOS.D03.001152","B01","Vector Disease Control International"
"e074558d-5113-44b6-80ba-7480037270ce","OSBS_056.mosquitoPoint.mos","D03","OSBS","OSBS_056","2018-05-01T22:15Z","2018-05-02T13:20Z",NA,"MOS.D03.001154","MOS.D03.001154","B03","Vector Disease Control International"
"37efec50-1334-45e0-9b73-b64dded44257","OSBS_056.mosquitoPoint.mos","D03","OSBS","OSBS_056","2018-05-16T20:16Z","2018-05-17T13:25Z",NA,"MOS.D03.001158","MOS.D03.001158","B07","Vector Disease Control International"
"8e2538ca-851e-4a1f-b386-622caa28bd59","OSBS_054.mosquitoPoint.mos","D03","OSBS","OSBS_054","2018-05-16T21:04Z","2018-05-17T11:57Z",NA,"MOS.D03.001157","MOS.D03.001157","B06","Vector Disease Control International"
"081145b4-a7ea-4707-b239-c9f1f64fbf48","OSBS_060.mosquitoPoint.mos","D03","OSBS","OSBS_060","2018-05-16T21:59Z","2018-05-17T12:55Z",NA,"MOS.D03.001159","MOS.D03.001159","B08","Vector Disease Control International"
"c18fb9af-b25c-4171-89c4-e58a56abfb14","OSBS_057.mosquitoPoint.mos","D03","OSBS","OSBS_057","2018-05-29T20:53Z","2018-05-30T11:53Z",NA,"MOS.D03.001162","MOS.D03.001162","B11","Vector Disease Control International"
"0c2899bc-f803-4994-8a6d-e6f6cff8aacf","OSBS_054.mosquitoPoint.mos","D03","OSBS","OSBS_054","2018-05-29T21:56Z","2018-05-30T12:25Z",NA,"MOS.D03.001161","MOS.D03.001161","B10","Vector Disease Control International"
"66a3a8a7-f795-47c0-9844-e25055ecc690","OSBS_052.mosquitoPoint.mos","D03","OSBS","OSBS_052","2018-05-29T22:04Z","2018-05-30T12:34Z",NA,"MOS.D03.001160","MOS.D03.001160","B09","Vector Disease Control International"
"cf81a3a2-f4c4-462a-a2c5-83849b507a6b","OSBS_058.mosquitoPoint.mos","D03","OSBS","OSBS_058","2018-05-29T23:00Z","2018-05-30T13:30Z",NA,"MOS.D03.001167","MOS.D03.001167","C04","Vector Disease Control International"
"e7f6e092-9461-40d5-b375-b7f8eb18c533","OSBS_058.mosquitoPoint.mos","D03","OSBS","OSBS_058","2018-05-29T23:00Z","2018-05-30T13:30Z",NA,"MOS.D03.001166","MOS.D03.001166","C03","Vector Disease Control International"
"419ff41a-8057-4cd2-8f89-9b0c0a618b23","OSBS_057.mosquitoPoint.mos","D03","OSBS","OSBS_057","2018-05-30T11:53Z","2018-05-30T20:32Z",NA,"MOS.D03.001164","MOS.D03.001164","C01","Vector Disease Control International"
"ed6c070a-6708-4b64-9400-63b25e6d34d1","OSBS_057.mosquitoPoint.mos","D03","OSBS","OSBS_057","2018-05-30T11:53Z","2018-05-30T20:32Z",NA,"MOS.D03.001165","MOS.D03.001165","C02","Vector Disease Control International"
"ba18512c-2770-40b6-9b57-7bf1e5cf6cc8","OSBS_057.mosquitoPoint.mos","D03","OSBS","OSBS_057","2018-05-30T11:53Z","2018-05-30T20:32Z",NA,"MOS.D03.001163","MOS.D03.001163","B12","Vector Disease Control International"
"62ffd4d9-8fcd-4bdb-8fbf-caf9dbf1beef","OSBS_060.mosquitoPoint.mos","D03","OSBS","OSBS_060","2018-05-30T13:15Z","2018-05-30T21:53Z",NA,"MOS.D03.001169","MOS.D03.001169","C05","Vector Disease Control International"
"2eb5d887-9648-4a7c-b5df-048b553feadc","OSBS_057.mosquitoPoint.mos","D03","OSBS","OSBS_057","2018-06-13T20:45Z","2018-06-14T11:25Z",NA,"MOS.D03.001175","MOS.D03.001175","C11","Vector Disease Control International"
"1307df42-046d-4a47-898b-3f72cebaf339","OSBS_053.mosquitoPoint.mos","D03","OSBS","OSBS_053","2018-06-13T21:33Z","2018-06-14T12:16Z",NA,"MOS.D03.001174","MOS.D03.001174","C10","Vector Disease Control International"
"67402294-9754-487b-9a91-6f592a7f0d36","OSBS_052.mosquitoPoint.mos","D03","OSBS","OSBS_052","2018-06-27T22:06Z","2018-06-28T12:00Z",NA,"MOS.D03.001176","MOS.D03.001176","C12","Vector Disease Control International"
"78ef19f2-0be6-42f4-b486-8b44f8f2ea7c","OSBS_058.mosquitoPoint.mos","D03","OSBS","OSBS_058","2018-07-09T22:40Z","2018-07-10T13:37Z",NA,"MOS.D03.001182","MOS.D03.001182","D05","Vector Disease Control International"
"ddba80d2-be2b-45a7-91c6-69f70a161dcd","OSBS_055.mosquitoPoint.mos","D03","OSBS","OSBS_055","2018-08-07T21:14Z","2018-08-08T12:41Z",NA,"MOS.D03.001202","MOS.D03.001202","E12","Vector Disease Control International"
"cebe62cc-37b0-4463-a1fd-7234d52416bf","OSBS_053.mosquitoPoint.mos","D03","OSBS","OSBS_053","2018-08-07T21:51Z","2018-08-08T13:38Z",NA,"MOS.D03.001201","MOS.D03.001201","E11","Vector Disease Control International"
"65196c67-3b22-43c3-8088-129d3853a921","OSBS_053.mosquitoPoint.mos","D03","OSBS","OSBS_053","2018-08-07T21:51Z","2018-08-08T13:38Z",NA,"MOS.D03.001200","MOS.D03.001200","E10","Vector Disease Control International"
"babedadf-8516-4f8b-8eab-90a11ce9e5f0","OSBS_061.mosquitoPoint.mos","D03","OSBS","OSBS_061","2018-08-21T23:23Z","2018-08-22T14:30Z",NA,"MOS.D03.001203","MOS.D03.001203","F01","Vector Disease Control International"
"77f8227a-109d-4d5f-879b-9d59fdd63502","OSBS_054.mosquitoPoint.mos","D03","OSBS","OSBS_054","2018-09-04T21:48Z","2018-09-05T13:19Z",NA,"MOS.D03.001225","MOS.D03.001225","G11","Vector Disease Control International"
"585e04e8-0194-4a63-85a6-a5193e6286e1","OSBS_054.mosquitoPoint.mos","D03","OSBS","OSBS_054","2018-09-04T21:48Z","2018-09-05T13:19Z",NA,"MOS.D03.001226","MOS.D03.001226","G12","Vector Disease Control International"
"c72b2c2a-5b22-4d7b-ab80-22552f0e4911","OSBS_059.mosquitoPoint.mos","D03","OSBS","OSBS_059","2018-09-04T22:16Z","2018-09-05T14:00Z",NA,"MOS.D03.001228","MOS.D03.001228","H02","Vector Disease Control International"
"67b91294-fa89-467a-a4b3-3a2f257c2bf4","OSBS_060.mosquitoPoint.mos","D03","OSBS","OSBS_060","2018-09-04T22:50Z","2018-09-05T14:35Z",NA,"MOS.D03.001229","MOS.D03.001229","H03","Vector Disease Control International"
"17a2bf9b-5631-444e-b7fa-fa06ded8c745","OSBS_053.mosquitoPoint.mos","D03","OSBS","OSBS_053","2018-09-04T22:52Z","2018-09-05T13:48Z",NA,"MOS.D03.001224","MOS.D03.001224","G10","Vector Disease Control International"
"deee408a-e068-4c15-b2be-c44377ccc634","OSBS_057.mosquitoPoint.mos","D03","OSBS","OSBS_057","2018-09-05T12:08Z","2018-09-05T20:01Z",NA,"MOS.D03.001227","MOS.D03.001227","H01","Vector Disease Control International"
"666a1967-7864-4aaa-89f7-cb5d5696b084","OSBS_057.mosquitoPoint.mos","D03","OSBS","OSBS_057","2018-09-17T20:16Z","2018-09-18T12:29Z",NA,"MOS.D03.001234","MOS.D03.001234","H08","Vector Disease Control International"
"9f0ea829-1e0d-4d63-bdd0-5fed001956d3","OSBS_057.mosquitoPoint.mos","D03","OSBS","OSBS_057","2018-09-17T20:16Z","2018-09-18T12:29Z",NA,"MOS.D03.001233","MOS.D03.001233","H07","Vector Disease Control International"
"1f865d55-53fb-43c6-a4ec-1253c2ced9c2","OSBS_055.mosquitoPoint.mos","D03","OSBS","OSBS_055","2018-09-17T20:33Z","2018-09-18T12:47Z",NA,"MOS.D03.001232","MOS.D03.001232","H06","Vector Disease Control International"
"0a1be867-1d89-4555-bad0-7346299cbceb","OSBS_058.mosquitoPoint.mos","D03","OSBS","OSBS_058","2018-09-17T21:50Z","2018-09-18T14:09Z",NA,"MOS.D03.001236","MOS.D03.001236","H10","Vector Disease Control International"
"f82e1a69-d982-45b8-81f8-ef72a388910c","OSBS_058.mosquitoPoint.mos","D03","OSBS","OSBS_058","2018-09-17T21:50Z","2018-09-18T14:09Z",NA,"MOS.D03.001235","MOS.D03.001235","H09","Vector Disease Control International"
"dc34ed70-c576-4784-8180-add0618d1ccd","OSBS_054.mosquitoPoint.mos","D03","OSBS","OSBS_054","2018-09-18T13:10Z","2018-09-18T21:43Z",NA,"MOS.D03.001230","MOS.D03.001230","H04","Vector Disease Control International"
"721a79d1-a14a-43a0-8291-28307684f228","OSBS_054.mosquitoPoint.mos","D03","OSBS","OSBS_054","2018-09-18T13:10Z","2018-09-18T21:43Z",NA,"MOS.D03.001231","MOS.D03.001231","H05","Vector Disease Control International"
